chapter_name,chapter_indx,chapter_indy,video_name,name,length,video_indx,video_indy,html_name,html_indx,html_indy,discussion_name,discussion_indx,discussion_indy,problem_name,name,type,problem_indx,problem_indy
แนะนำโครงการ Thai MOOC,1,1,"Name: Video แนะนำโครงการ Thai Mooc<br>
Video Length: 105 sec",Video แนะนำโครงการ Thai Mooc,105,2,1,แบบสำรวจก่อนเรียนออนไลน์ในระบบไทยมูค (ThaiMOOC),4,1,มาทำความรู้จักเพื่อนร่วมเรียนกัน,6,1,"Name: แบบทดสอบความรู้เบื้องต้นก่อนเรียน บทที่ 1-7<br>
Problem Type: Numerical Input Problem",แบบทดสอบความรู้เบื้องต้นก่อนเรียน บทที่ 1-7,Numerical Input Problem,7,1
0: แนะนำวิชา,3,1,"Name: แนะนำรายวิชา ฟิสิกส์ทั่วไป I<br>
Video Length: 279 sec",แนะนำรายวิชา ฟิสิกส์ทั่วไป I,279,5,1,แนะนำรายวิชา ฟิสิกส์ทั่วไป I,5,1,"กิจกรรม: Discussion ""ทำไมไม่ตกที่เดียวกัน""",77,1,"Name: แบบฝึกหัดท้ายบทที่ 1 (หลักการวัดและเลขนัยสำคัญ)<br>
Problem Type: Numerical Input Problem",แบบฝึกหัดท้ายบทที่ 1 (หลักการวัดและเลขนัยสำคัญ),Numerical Input Problem,14,1
บทที่ 1: หลักการวัดและเลขนัยสำคัญ,9,1,"Name: แนะนำบทที่ 1<br>
Video Length: 468 sec",แนะนำบทที่ 1,468,10,1,แบบทดสอบความรู้เบื้องต้นก่อนเรียน บทที่ 1-7,7,1,,,,"Name: แบบฝึกหัดท้ายบทที่ 2<br>
Problem Type: Numerical Input Problem",แบบฝึกหัดท้ายบทที่ 2,Numerical Input Problem,39,1
บทที่ 2: เวกเตอร์และแคลคูลัสเบื้องต้น,16,1,"Name: การเปลี่ยนหน่วยกับเลขนัยสำคัญ<br>
Video Length: 538 sec",การเปลี่ยนหน่วยกับเลขนัยสำคัญ,538,11,1,เฉลยแบบทดสอบความรู้เบื้องต้นก่อนเริ่มเรียน บทที่ 1-7,8,1,,,,"Name: แบบฝึกหัดท้ายบทที่ 3<br>
Problem Type: Numerical Input Problem",แบบฝึกหัดท้ายบทที่ 3,Numerical Input Problem,53,1
บทที่ 3: การเคลื่อนที่ใน 1 มิติ,44,1,"Name: การบวก ลบ เลขนัยสำคัญ<br>
Video Length: 362 sec",การบวก ลบ เลขนัยสำคัญ,362,12,1,แบบฝึกหัดท้ายบทที่ 1 (หลักการวัดและเลขนัยสำคัญ),14,1,,,,"Name: แบบฝึกหัดท้ายบทที่ 4<br>
Problem Type: Numerical Input Problem",แบบฝึกหัดท้ายบทที่ 4,Numerical Input Problem,78,1
บทที่ 4: การเคลื่อนที่ในสองมิติ,56,1,"Name: การคูณ หาร เลขนัยสำคัญ<br>
Video Length: 198 sec",การคูณ หาร เลขนัยสำคัญ,198,13,1,เอกสารประกอบการเรียนบทที่ 1,15,1,,,,"Name: แบบฝึกหัดท้ายบทที่ 5 (แรงและกฎการเคลื่อนที่ของนิวตัน)<br>
Problem Type: Numerical Input Problem",แบบฝึกหัดท้ายบทที่ 5 (แรงและกฎการเคลื่อนที่ของนิวตัน),Numerical Input Problem,99,1
บทที่ 5: แรง และกฎการเคลื่อนที่ของนิวตัน,82,1,"Name: แนะนำบทที่ 2 และสัญลักษณ์แทนปริมาณเวกเตอร์<br>
Video Length: 430 sec",แนะนำบทที่ 2 และสัญลักษณ์แทนปริมาณเวกเตอร์,430,17,1,แบบฝึกหัดท้ายบทที่ 2,39,1,,,,"Name: แบบฝึกหัดท้ายบทที่ 6 (งานและพลังงาน)<br>
Problem Type: Numerical Input Problem",แบบฝึกหัดท้ายบทที่ 6 (งานและพลังงาน),Numerical Input Problem,118,1
บทที่ 6: งาน และพลังงาน,102,1,"Name: การบวก ลบ เวกเตอร์<br>
Video Length: 395 sec",การบวก ลบ เวกเตอร์,395,18,1,เฉลยแบบฝึกหัดท้ายบทที่ 2,40,1,,,,"Name: แบบฝึกหัดท้ายบทที่ 7 (โมเมนตัมและการชน)<br>
Problem Type: Numerical Input Problem",แบบฝึกหัดท้ายบทที่ 7 (โมเมนตัมและการชน),Numerical Input Problem,131,1
บทที่ 7: โมเมนตัมและ การชน,121,1,"Name: องค์ประกอบของเวกเตอร์<br>
Video Length: 489 sec",องค์ประกอบของเวกเตอร์,489,19,1,เอกสารประกอบการเรียน บทที่ 2-1,41,1,,,,"Name: แบบทดสอบความรู้หลังเรียน บทที่ 1-7<br>
Problem Type: Numerical Input Problem",แบบทดสอบความรู้หลังเรียน บทที่ 1-7,Numerical Input Problem,135,1
แบบทดสอบความรู้หลังเรียน บทที่ 1-7,134,1,"Name: 2.4 การหาขนาดของเวกเตอร์ และการบวกลบเวกเตอร์โดยใช้องค์ประกอบของเวกเตอร์<br>
Video Length: 292 sec",2.4 การหาขนาดของเวกเตอร์ และการบวกลบเวกเตอร์โดยใช้องค์ประกอบของเวกเตอร์,292,20,1,เอกสารประกอบการเรียนบทที่ 2-2,42,1,,,,"Name: แบบทดสอบความรู้ก่อนเรียน บทที่ 8-13<br>
Problem Type: Numerical Input Problem",แบบทดสอบความรู้ก่อนเรียน บทที่ 8-13,Numerical Input Problem,138,1
แบบทดสอบความรู้ก่อนเรียน บทที่ 8-13,137,1,"Name: ผลคูณเชิงสเกลาร์ (ตอนที่ 1)<br>
Video Length: 548 sec",ผลคูณเชิงสเกลาร์ (ตอนที่ 1),548,21,1,เอกสารประกอบการเรียนบทที่ 2-3,43,1,,,,"Name: แบบฝึกหัดท้ายบทที่ 8 (วัตถุแข็งเกร็ง)<br>
Problem Type: Multiple Choice Problem",แบบฝึกหัดท้ายบทที่ 8 (วัตถุแข็งเกร็ง),Multiple Choice Problem,173,1
บทที่ 8: วัตถุแข็งเกร็ง,140,1,"Name: ผลคูณเชิงสเกลาร์ (ตอนที่ 2)<br>
Video Length: 303 sec",ผลคูณเชิงสเกลาร์ (ตอนที่ 2),303,22,1,แบบฝึกหัดท้ายบทที่ 3,53,1,,,,"Name: แบบฝึกหัดท้ายบทที่ 9<br>
Problem Type: Numerical Input Problem",แบบฝึกหัดท้ายบทที่ 9,Numerical Input Problem,197,1
บทที่ 9: การเคลื่อนที่แบบฮาร์มอนิกอย่างง่าย,178,1,"Name: ผลคูณเชิงเวกเตอร์ (ตอนที่ 1)<br>
Video Length: 455 sec",ผลคูณเชิงเวกเตอร์ (ตอนที่ 1),455,23,1,เฉลยแบบฝึกหัดท้ายบทที่ 3,54,1,,,,"Name: แบบฝึกหัดท้ายบทที่ 10 (พร้อมเฉลย)<br>
Problem Type: Numerical Input Problem",แบบฝึกหัดท้ายบทที่ 10 (พร้อมเฉลย),Numerical Input Problem,205,1
บทที่ 10: สภาพยืดหยุ่น,200,1,"Name: ผลคูณเชิงเวกเตอร์ (ตอนที่ 2)<br>
Video Length: 328 sec",ผลคูณเชิงเวกเตอร์ (ตอนที่ 2),328,24,1,เอกสารประกอบการเรียนบทที่ 3,55,1,,,,"Name: แบบฝึกหัดท้ายบทที่ 11<br>
Problem Type: Numerical Input Problem",แบบฝึกหัดท้ายบทที่ 11,Numerical Input Problem,235,1
บทที่ 11: คลื่นกล,207,1,"Name: ผลคูณเชิงเวกเตอร์ (ตอนที่ 3)<br>
Video Length: 460 sec",ผลคูณเชิงเวกเตอร์ (ตอนที่ 3),460,25,1,"กิจกรรม: Discussion ""ทำไมไม่ตกที่เดียวกัน""",77,1,,,,"Name: แบบฝึกหัดท้ายบทที่ 12<br>
Problem Type: Numerical Input Problem",แบบฝึกหัดท้ายบทที่ 12,Numerical Input Problem,253,1
บทที่ 12: กลศาสตร์ของไหล,238,1,"Name: ผลคูณเชิงเวกเตอร์ (ตอนที่ 4)<br>
Video Length: 336 sec",ผลคูณเชิงเวกเตอร์ (ตอนที่ 4),336,26,1,แบบฝึกหัดท้ายบทที่ 4,78,1,,,,"Name: แบบฝึกหัดท้ายบทที่ 13 (อุณหพลศาสตร์)<br>
Problem Type: Numerical Input Problem",แบบฝึกหัดท้ายบทที่ 13 (อุณหพลศาสตร์),Numerical Input Problem,276,1
บทที่ 13: อุณหพลศาสตร์,256,1,"Name: ผลคูณเชิงเวกเตอร์ (ตอนที่ 5)<br>
Video Length: 415 sec",ผลคูณเชิงเวกเตอร์ (ตอนที่ 5),415,27,1,เฉลยแบบฝึกหัดท้ายบทที่ 4,79,1,,,,"Name: แบบทดสอบความรู้หลังเรียนบทที่ 8 - 13<br>
Problem Type: Multiple Choice Problem",แบบทดสอบความรู้หลังเรียนบทที่ 8 - 13,Multiple Choice Problem,280,1
แบบทดสอบความรู้หลังเรียนบทที่ 8 - 13,279,1,"Name: ผลคูณเชิงเวกเตอร์ (ตอนที่ 6)<br>
Video Length: 309 sec",ผลคูณเชิงเวกเตอร์ (ตอนที่ 6),309,28,1,เอกสารประกอบการเรียนบทที่ 4-1,80,1,,,,,,,,
แบบสำรวจหลังเรียนออนไลน์ในระบบไทยมูค (ThaiMOOC),282,1,"Name: แคลคูลัสเบื้องต้น (ตอนที่ 1)<br>
Video Length: 421 sec",แคลคูลัสเบื้องต้น (ตอนที่ 1),421,29,1,เอกสารประกอบการเรียนบทที่ 4-2,81,1,,,,,,,,
,,,"Name: แคลคูลัสเบื้องต้น (ตอนที่ 2)<br>
Video Length: 408 sec",แคลคูลัสเบื้องต้น (ตอนที่ 2),408,30,1,แบบฝึกหัดท้ายบทที่ 5 (แรงและกฎการเคลื่อนที่ของนิวตัน),99,1,,,,,,,,
,,,"Name: แคลคูลัสเบื้องต้น (ตอนที่ 3)<br>
Video Length: 327 sec",แคลคูลัสเบื้องต้น (ตอนที่ 3),327,31,1,เฉลยแบบฝึกหัดท้ายบทที่ 5 (แรงและกฎการเคลื่อนที่ของนิวตัน),100,1,,,,,,,,
,,,"Name: แคลคูลัสเบื้องต้น (ตอนที่ 4)<br>
Video Length: 517 sec",แคลคูลัสเบื้องต้น (ตอนที่ 4),517,32,1,เอกสารประกอบการเรียนบทที่ 5,101,1,,,,,,,,
,,,"Name: แคลคูลัสเบื้องต้น (ตอนที่ 5)<br>
Video Length: 457 sec",แคลคูลัสเบื้องต้น (ตอนที่ 5),457,33,1,แบบฝึกหัดท้ายบทที่ 6 (งานและพลังงาน),118,1,,,,,,,,
,,,"Name: แคลคูลัสเบื้องต้น (ตอนที่ 6)<br>
Video Length: 168 sec",แคลคูลัสเบื้องต้น (ตอนที่ 6),168,34,1,เฉลยแบบฝึกหัดท้ายบทที่ 6 (งานและพลังงาน),119,1,,,,,,,,
,,,"Name: แคลคูลัสเบื้องต้น (ตอนที่ 7)<br>
Video Length: 263 sec",แคลคูลัสเบื้องต้น (ตอนที่ 7),263,35,1,เอกสารประกอบการเรียนบทที่ 6,120,1,,,,,,,,
,,,"Name: แคลคูลัสเบื้องต้น (ตอนที่ 8)<br>
Video Length: 293 sec",แคลคูลัสเบื้องต้น (ตอนที่ 8),293,36,1,แบบฝึกหัดท้ายบทที่ 7 (โมเมนตัมและการชน),131,1,,,,,,,,
,,,"Name: แคลคูลัสเบื้องต้น (ตอนที่ 9)<br>
Video Length: 454 sec",แคลคูลัสเบื้องต้น (ตอนที่ 9),454,37,1,เฉลยแบบฝึกหัดท้ายบทที่ 7 (โมเมนตัมและการชน),132,1,,,,,,,,
,,,"Name: แคลคูลัสเบื้องต้น (ตอนที่ 10)<br>
Video Length: 510 sec",แคลคูลัสเบื้องต้น (ตอนที่ 10),510,38,1,เอกสารประกอบการเรียนบทที่ 7,133,1,,,,,,,,
,,,"Name: แนะนำบทที่ 3 และเวกเตอร์ตำแหน่ง<br>
Video Length: 454 sec",แนะนำบทที่ 3 และเวกเตอร์ตำแหน่ง,454,45,1,แบบทดสอบความรู้หลังเรียน บทที่ 1-7,135,1,,,,,,,,
,,,"Name: ระยะทางกับการกระจัด<br>
Video Length: 516 sec",ระยะทางกับการกระจัด,516,46,1,เฉลยแบบทดสอบความรู้หลังเรียน บทที่ 1-7,136,1,,,,,,,,
,,,"Name: เวกเตอร์ความเร็ว<br>
Video Length: 393 sec",เวกเตอร์ความเร็ว,393,47,1,แบบทดสอบความรู้ก่อนเรียน บทที่ 8-13,138,1,,,,,,,,
,,,"Name: อัตราเร็วกับความเร็ว<br>
Video Length: 198 sec",อัตราเร็วกับความเร็ว,198,48,1,เฉลยแบบทดสอบความรู้ก่อนเรียน บทที่ 8-13,139,1,,,,,,,,
,,,"Name: เวกเตอร์ความเร่ง<br>
Video Length: 121 sec",เวกเตอร์ความเร่ง,121,49,1,แบบฝึกหัดท้ายบทที่ 8 (วัตถุแข็งเกร็ง),173,1,,,,,,,,
,,,"Name: การเคลื่อนที่แนวเส้นตรงด้วยความเร่งคงที่ (ตอนที่ 1)<br>
Video Length: 187 sec",การเคลื่อนที่แนวเส้นตรงด้วยความเร่งคงที่ (ตอนที่ 1),187,50,1,เฉลยแบบฝึกหัดบทที่ 8 (วัตถุแข็งเกร็ง),174,1,,,,,,,,
,,,"Name: การเคลื่อนที่แนวเส้นตรงด้วยความเร่งคงที่ (ตอนที่ 2)<br>
Video Length: 564 sec",การเคลื่อนที่แนวเส้นตรงด้วยความเร่งคงที่ (ตอนที่ 2),564,51,1,เอกสารประกอบการเรียนบทที่ 8-1,175,1,,,,,,,,
,,,"Name: การเคลื่อนที่แนวเส้นตรงด้วยความเร่งไม่คงที่<br>
Video Length: 329 sec",การเคลื่อนที่แนวเส้นตรงด้วยความเร่งไม่คงที่,329,52,1,เอกสารประกอบการเรียนบทที่ 8-2,176,1,,,,,,,,
,,,"Name: การเคลื่อนที่แบบโพรเจกไทล์<br>
Video Length: 386 sec",การเคลื่อนที่แบบโพรเจกไทล์,386,57,1,เอกสารประกอบการเรียนบทที่ 8-3,177,1,,,,,,,,
,,,"Name: การเคลื่อนที่แบบโพรเจกไทล์ (ความเร็วและความเร่ง)<br>
Video Length: 414 sec",การเคลื่อนที่แบบโพรเจกไทล์ (ความเร็วและความเร่ง),414,58,1,แบบฝึกหัดท้ายบทที่ 9,197,1,,,,,,,,
,,,"Name: การเคลื่อนที่แบบโพรเจกไทล์ (การคำนวณการเคลื่อนที่ ตอนที่ 1)<br>
Video Length: 312 sec",การเคลื่อนที่แบบโพรเจกไทล์ (การคำนวณการเคลื่อนที่ ตอนที่ 1),312,59,1,เฉลยแบบฝึกหัดท้ายบทที่ 9,198,1,,,,,,,,
,,,"Name: การเคลื่อนที่แบบโพรเจกไทล์ (การคำนวณการเคลื่อนที่ ตอนที่ 2)<br>
Video Length: 345 sec",การเคลื่อนที่แบบโพรเจกไทล์ (การคำนวณการเคลื่อนที่ ตอนที่ 2),345,60,1,เอกสารประกอบการเรียน,199,1,,,,,,,,
,,,"Name: การเคลื่อนที่แบบโพรเจกไทล์ (วิถีการเคลื่อนที่)<br>
Video Length: 353 sec",การเคลื่อนที่แบบโพรเจกไทล์ (วิถีการเคลื่อนที่),353,61,1,เอกสารประกอบการเรียน,206,1,,,,,,,,
,,,"Name: การเคลื่อนที่แบบโพรเจกไทล์ (จุดสูงสุดของโพรเจกไทล์)<br>
Video Length: 333 sec",การเคลื่อนที่แบบโพรเจกไทล์ (จุดสูงสุดของโพรเจกไทล์),333,62,1,แบบฝึกหัดท้ายบทที่ 11,235,1,,,,,,,,
,,,"Name: การเคลื่อนที่แบบโพรเจกไทล์ (ระยะตกไกลสุดในแนวระดับ)<br>
Video Length: 528 sec",การเคลื่อนที่แบบโพรเจกไทล์ (ระยะตกไกลสุดในแนวระดับ),528,63,1,แบบฝึกหัดท้ายบทที่ 11,236,1,,,,,,,,
,,,"Name: การเคลื่อนที่แบบโพรเจกไทล์ (ตัวอย่างการเคลื่อนที่แบบโพรเจกไทล์)<br>
Video Length: 495 sec",การเคลื่อนที่แบบโพรเจกไทล์ (ตัวอย่างการเคลื่อนที่แบบโพรเจกไทล์),495,64,1,เอกสารประกอบการเรียน,237,1,,,,,,,,
,,,"Name: การเคลื่อนที่แบบวงกลม (การกระจัดเชิงมุม)<br>
Video Length: 528 sec",การเคลื่อนที่แบบวงกลม (การกระจัดเชิงมุม),528,65,1,แบบฝึกหัดท้ายบทที่ 12,253,1,,,,,,,,
,,,"Name: การเคลื่อนที่แบบวงกลม (ความเร็วและความเร่งเชิงมุม)<br>
Video Length: 473 sec",การเคลื่อนที่แบบวงกลม (ความเร็วและความเร่งเชิงมุม),473,66,1,เฉลยแบบฝึกหัดท้ายบทที่ 12,254,1,,,,,,,,
,,,"Name: การเคลื่อนที่แบบวงกลม (ความสัมพันธ์ระหว่างความเร็วเชิงมุมและเชิงเส้น)<br>
Video Length: 371 sec",การเคลื่อนที่แบบวงกลม (ความสัมพันธ์ระหว่างความเร็วเชิงมุมและเชิงเส้น),371,67,1,เอกสารประกอบการเรียน,255,1,,,,,,,,
,,,"Name: การเคลื่อนที่แบบวงกลม (ความเร่งสู่ศูนย์กลาง)<br>
Video Length: 317 sec",การเคลื่อนที่แบบวงกลม (ความเร่งสู่ศูนย์กลาง),317,68,1,แบบฝึกหัดท้ายบทที่ 13 (อุณหพลศาสตร์),276,1,,,,,,,,
,,,"Name: การเคลื่อนที่แบบวงกลม (พิสูจน์ความเร่งสู่ศูนย์กลาง)<br>
Video Length: 595 sec",การเคลื่อนที่แบบวงกลม (พิสูจน์ความเร่งสู่ศูนย์กลาง),595,69,1,เฉลยแบบฝึกหัดท้ายบทที่ 13 (อุณหพลศาสตร์),277,1,,,,,,,,
,,,"Name: การเคลื่อนที่แบบวงกลม (ความสัมพันธ์ระหว่างแรงกับความเร่งสู่ศูนย์กลาง)<br>
Video Length: 205 sec",การเคลื่อนที่แบบวงกลม (ความสัมพันธ์ระหว่างแรงกับความเร่งสู่ศูนย์กลาง),205,70,1,เอกสารประกอบการเรียนบทที่ 13,278,1,,,,,,,,
,,,"Name: การเคลื่อนที่แบบวงกลม (คาบและความถี่)<br>
Video Length: 162 sec",การเคลื่อนที่แบบวงกลม (คาบและความถี่),162,71,1,แบบทดสอบความรู้หลังเรียนบทที่ 8 - 13,280,1,,,,,,,,
,,,"Name: ตัวอย่างการเคลื่อนที่แบบวงกลม ตอนที่ 1<br>
Video Length: 332 sec",ตัวอย่างการเคลื่อนที่แบบวงกลม ตอนที่ 1,332,72,1,เฉลยแบบทดสอบความรู้หลังเรียนบทที่ 8 - 13,281,1,,,,,,,,
,,,"Name: ตัวอย่างการเคลื่อนที่แบบวงกลม ตอนที่ 2<br>
Video Length: 240 sec",ตัวอย่างการเคลื่อนที่แบบวงกลม ตอนที่ 2,240,73,1,แบบสำรวจหลังเรียนออนไลน์ในระบบไทยมูค (ThaiMOOC),283,1,,,,,,,,
,,,"Name: ตัวอย่างการเคลื่อนที่แบบวงกลม ตอนที่ 3<br>
Video Length: 443 sec",ตัวอย่างการเคลื่อนที่แบบวงกลม ตอนที่ 3,443,74,1,,,,,,,,,,,
,,,"Name: ความเร็วสัมพัทธ์<br>
Video Length: 545 sec",ความเร็วสัมพัทธ์,545,75,1,,,,,,,,,,,
,,,"Name: ตัวอย่างความเร็วสัมพัทธ์<br>
Video Length: 556 sec",ตัวอย่างความเร็วสัมพัทธ์,556,76,1,,,,,,,,,,,
,,,"Name: Video<br>
Video Length: 16 sec",Video,16,77,1,,,,,,,,,,,
,,,"Name: แรงและการวัด<br>
Video Length: 522 sec",แรงและการวัด,522,83,1,,,,,,,,,,,
,,,"Name: แผนภาพอิสระ<br>
Video Length: 178 sec",แผนภาพอิสระ,178,84,1,,,,,,,,,,,
,,,"Name: กฎข้อที่ 1 ของนิวตัน<br>
Video Length: 284 sec",กฎข้อที่ 1 ของนิวตัน,284,85,1,,,,,,,,,,,
,,,"Name: กฎข้อที่ 2 ของนิวตัน<br>
Video Length: 232 sec",กฎข้อที่ 2 ของนิวตัน,232,86,1,,,,,,,,,,,
,,,"Name: กฎข้อที่ 3 ของนิวตัน<br>
Video Length: 257 sec",กฎข้อที่ 3 ของนิวตัน,257,87,1,,,,,,,,,,,
,,,"Name: แรงดึงดูดระหว่างวัตถุ<br>
Video Length: 564 sec",แรงดึงดูดระหว่างวัตถุ,564,88,1,,,,,,,,,,,
,,,"Name: แรงตั้งฉาก ตอนที่ 1<br>
Video Length: 182 sec",แรงตั้งฉาก ตอนที่ 1,182,89,1,,,,,,,,,,,
,,,"Name: แรงตั้งฉาก ตอนที่ 2<br>
Video Length: 521 sec",แรงตั้งฉาก ตอนที่ 2,521,90,1,,,,,,,,,,,
,,,"Name: แรงดึงเชือก<br>
Video Length: 417 sec",แรงดึงเชือก,417,91,1,,,,,,,,,,,
,,,"Name: แรงเสียดทาน ตอนที่ 1<br>
Video Length: 332 sec",แรงเสียดทาน ตอนที่ 1,332,92,1,,,,,,,,,,,
,,,"Name: แรงเสียดทาน ตอนที่ 2<br>
Video Length: 364 sec",แรงเสียดทาน ตอนที่ 2,364,93,1,,,,,,,,,,,
,,,"Name: แรงเสียดทาน ตอนที่ 3<br>
Video Length: 471 sec",แรงเสียดทาน ตอนที่ 3,471,94,1,,,,,,,,,,,
,,,"Name: ตัวอย่างการประยุกต์ใช้กฎของนิวตัน ตอนที่ 1<br>
Video Length: 233 sec",ตัวอย่างการประยุกต์ใช้กฎของนิวตัน ตอนที่ 1,233,95,1,,,,,,,,,,,
,,,"Name: ตัวอย่างการประยุกต์ใช้กฎของนิวตัน ตอนที่ 2<br>
Video Length: 271 sec",ตัวอย่างการประยุกต์ใช้กฎของนิวตัน ตอนที่ 2,271,96,1,,,,,,,,,,,
,,,"Name: ตัวอย่างการประยุกต์ใช้กฎของนิวตัน ตอนที่ 3<br>
Video Length: 430 sec",ตัวอย่างการประยุกต์ใช้กฎของนิวตัน ตอนที่ 3,430,97,1,,,,,,,,,,,
,,,"Name: ตัวอย่างการประยุกต์ใช้กฎของนิวตัน ตอนที่ 4<br>
Video Length: 437 sec",ตัวอย่างการประยุกต์ใช้กฎของนิวตัน ตอนที่ 4,437,98,1,,,,,,,,,,,
,,,"Name: รู้จักกับงานในทางฟิสิกส์<br>
Video Length: 426 sec",รู้จักกับงานในทางฟิสิกส์,426,103,1,,,,,,,,,,,
,,,"Name: ตัวอย่างงานในทางฟิสิกส์<br>
Video Length: 442 sec",ตัวอย่างงานในทางฟิสิกส์,442,104,1,,,,,,,,,,,
,,,"Name: งานที่เกิดจากการแปรค่า<br>
Video Length: 138 sec",งานที่เกิดจากการแปรค่า,138,105,1,,,,,,,,,,,
,,,"Name: ทฤษฎีบทงาน-พลังงานจลน์<br>
Video Length: 353 sec",ทฤษฎีบทงาน-พลังงานจลน์,353,106,1,,,,,,,,,,,
,,,"Name: ตัวอย่างงานและพลังงาน<br>
Video Length: 339 sec",ตัวอย่างงานและพลังงาน,339,107,1,,,,,,,,,,,
,,,"Name: งานจากแรงคืนตัวของสปริง ตอนที่ 1<br>
Video Length: 431 sec",งานจากแรงคืนตัวของสปริง ตอนที่ 1,431,108,1,,,,,,,,,,,
,,,"Name: งานจากแรงคืนตัวของสปริง ตอนที่ 2<br>
Video Length: 574 sec",งานจากแรงคืนตัวของสปริง ตอนที่ 2,574,109,1,,,,,,,,,,,
,,,"Name: งานจากแรงโน้มถ่วง<br>
Video Length: 450 sec",งานจากแรงโน้มถ่วง,450,110,1,,,,,,,,,,,
,,,"Name: งานจากแรงดึงดูดระหว่างมวล<br>
Video Length: 432 sec",งานจากแรงดึงดูดระหว่างมวล,432,111,1,,,,,,,,,,,
,,,"Name: กฎการอนุรักษ์พลังงาน ตอนที่ 1<br>
Video Length: 422 sec",กฎการอนุรักษ์พลังงาน ตอนที่ 1,422,112,1,,,,,,,,,,,
,,,"Name: กฎการอนุรักษ์พลังงาน ตอนที่ 2<br>
Video Length: 436 sec",กฎการอนุรักษ์พลังงาน ตอนที่ 2,436,113,1,,,,,,,,,,,
,,,"Name: กฎการอนุรักษ์พลังงาน ตอนที่ 3<br>
Video Length: 275 sec",กฎการอนุรักษ์พลังงาน ตอนที่ 3,275,114,1,,,,,,,,,,,
,,,"Name: แรงอนุรักษ์<br>
Video Length: 477 sec",แรงอนุรักษ์,477,115,1,,,,,,,,,,,
,,,"Name: ตัวอย่างแรงอนุรักษ์<br>
Video Length: 395 sec",ตัวอย่างแรงอนุรักษ์,395,116,1,,,,,,,,,,,
,,,"Name: กำลัง<br>
Video Length: 105 sec",กำลัง,105,117,1,,,,,,,,,,,
,,,"Name: แนะนำโมเมนตัม<br>
Video Length: 270 sec",แนะนำโมเมนตัม,270,122,1,,,,,,,,,,,
,,,"Name: นิยามการดล<br>
Video Length: 283 sec",นิยามการดล,283,123,1,,,,,,,,,,,
,,,"Name: ตัวอย่างการดล<br>
Video Length: 414 sec",ตัวอย่างการดล,414,124,1,,,,,,,,,,,
,,,"Name: หลักการอนุรักษ์โมเมนตัม<br>
Video Length: 159 sec",หลักการอนุรักษ์โมเมนตัม,159,125,1,,,,,,,,,,,
,,,"Name: การชนกันแบบไม่ยืดหยุ่น ตอนที่ 1<br>
Video Length: 501 sec",การชนกันแบบไม่ยืดหยุ่น ตอนที่ 1,501,126,1,,,,,,,,,,,
,,,"Name: การชนกันแบบไม่ยืดหยุ่น ตอนที่ 2<br>
Video Length: 217 sec",การชนกันแบบไม่ยืดหยุ่น ตอนที่ 2,217,127,1,,,,,,,,,,,
,,,"Name: การชนกันแบบยืดหยุ่นใน 1 มิติ ตอนที่ 1<br>
Video Length: 476 sec",การชนกันแบบยืดหยุ่นใน 1 มิติ ตอนที่ 1,476,128,1,,,,,,,,,,,
,,,"Name: การชนกันแบบยืดหยุ่นใน 1 มิติ ตอนที่ 2<br>
Video Length: 404 sec",การชนกันแบบยืดหยุ่นใน 1 มิติ ตอนที่ 2,404,129,1,,,,,,,,,,,
,,,"Name: การชนกันแบบยืดหยุ่นใน 2 มิติ<br>
Video Length: 511 sec",การชนกันแบบยืดหยุ่นใน 2 มิติ,511,130,1,,,,,,,,,,,
,,,"Name: แนะนำวัตถุแข็งเกร็ง<br>
Video Length: 335 sec",แนะนำวัตถุแข็งเกร็ง,335,141,1,,,,,,,,,,,
,,,"Name: จุดศูนย์กลางมวลของระบบอนุภาค<br>
Video Length: 359 sec",จุดศูนย์กลางมวลของระบบอนุภาค,359,142,1,,,,,,,,,,,
,,,"Name: จุดศูนย์กลางมวลของวัตถุแข็งเกร็ง (ตอนที่ 1)<br>
Video Length: 307 sec",จุดศูนย์กลางมวลของวัตถุแข็งเกร็ง (ตอนที่ 1),307,143,1,,,,,,,,,,,
,,,"Name: จุดศูนย์กลางมวลของวัตถุแข็งเกร็ง (ตอนที่ 2)<br>
Video Length: 380 sec",จุดศูนย์กลางมวลของวัตถุแข็งเกร็ง (ตอนที่ 2),380,144,1,,,,,,,,,,,
,,,"Name: ทอร์ก - สมการของทอร์ก (ตอนที่ 1)<br>
Video Length: 526 sec",ทอร์ก - สมการของทอร์ก (ตอนที่ 1),526,145,1,,,,,,,,,,,
,,,"Name: ทอร์ก - สมการของทอร์ก (ตอนที่ 2)<br>
Video Length: 485 sec",ทอร์ก - สมการของทอร์ก (ตอนที่ 2),485,146,1,,,,,,,,,,,
,,,"Name: ทอร์ก - แรงคู่ควบ<br>
Video Length: 172 sec",ทอร์ก - แรงคู่ควบ,172,147,1,,,,,,,,,,,
,,,"Name: สมดุล (ตอนที่ 1)<br>
Video Length: 327 sec",สมดุล (ตอนที่ 1),327,148,1,,,,,,,,,,,
,,,"Name: สมดุล (ตอนที่ 2)<br>
Video Length: 441 sec",สมดุล (ตอนที่ 2),441,149,1,,,,,,,,,,,
,,,"Name: สมดุล (ตอนที่ 3)<br>
Video Length: 343 sec",สมดุล (ตอนที่ 3),343,150,1,,,,,,,,,,,
,,,"Name: โมเมนต์ความเฉื่อยของระบบอนุภาค (ตอนที่ 1)<br>
Video Length: 322 sec",โมเมนต์ความเฉื่อยของระบบอนุภาค (ตอนที่ 1),322,151,1,,,,,,,,,,,
,,,"Name: โมเมนต์ความเฉื่อยของระบบอนุภาค (ตอนที่ 2)<br>
Video Length: 305 sec",โมเมนต์ความเฉื่อยของระบบอนุภาค (ตอนที่ 2),305,152,1,,,,,,,,,,,
,,,"Name: โมเมนต์ความเฉื่อยของวัตถุแข็งเกร็ง (ตอนที่ 1)<br>
Video Length: 558 sec",โมเมนต์ความเฉื่อยของวัตถุแข็งเกร็ง (ตอนที่ 1),558,153,1,,,,,,,,,,,
,,,"Name: โมเมนต์ความเฉื่อยของวัตถุแข็งเกร็ง (ตอนที่ 2)<br>
Video Length: 215 sec",โมเมนต์ความเฉื่อยของวัตถุแข็งเกร็ง (ตอนที่ 2),215,154,1,,,,,,,,,,,
,,,"Name: โมเมนต์ความเฉื่อยของวัตถุแข็งเกร็ง (ตอนที่ 3)<br>
Video Length: 420 sec",โมเมนต์ความเฉื่อยของวัตถุแข็งเกร็ง (ตอนที่ 3),420,155,1,,,,,,,,,,,
,,,"Name: โมเมนต์ความเฉื่อยของวัตถุแข็งเกร็ง (ตอนที่ 4)<br>
Video Length: 398 sec",โมเมนต์ความเฉื่อยของวัตถุแข็งเกร็ง (ตอนที่ 4),398,156,1,,,,,,,,,,,
,,,"Name: ทฤษฎีแกนตั้งฉาก และแกนขนาน<br>
Video Length: 332 sec",ทฤษฎีแกนตั้งฉาก และแกนขนาน,332,157,1,,,,,,,,,,,
,,,"Name: โมเมนต์ความเฉื่อยของวัตถุแหว่ง<br>
Video Length: 427 sec",โมเมนต์ความเฉื่อยของวัตถุแหว่ง,427,158,1,,,,,,,,,,,
,,,"Name: ตัวอย่างการใช้โมเมนต์ความเฉื่อย<br>
Video Length: 499 sec",ตัวอย่างการใช้โมเมนต์ความเฉื่อย,499,159,1,,,,,,,,,,,
,,,"Name: พลังงานจลน์ งาน และการหมุน (ตอนที่ 1)<br>
Video Length: 443 sec",พลังงานจลน์ งาน และการหมุน (ตอนที่ 1),443,160,1,,,,,,,,,,,
,,,"Name: พลังงานจลน์ งาน และการหมุน (ตอนที่ 2)<br>
Video Length: 494 sec",พลังงานจลน์ งาน และการหมุน (ตอนที่ 2),494,161,1,,,,,,,,,,,
,,,"Name: พลังงานจลน์ งาน และการหมุน (ตอนที่ 3)<br>
Video Length: 304 sec",พลังงานจลน์ งาน และการหมุน (ตอนที่ 3),304,162,1,,,,,,,,,,,
,,,"Name: การกลิ้งโดยไม่ไถล (ตอนที่ 1)<br>
Video Length: 400 sec",การกลิ้งโดยไม่ไถล (ตอนที่ 1),400,163,1,,,,,,,,,,,
,,,"Name: การกลิ้งโดยไม่ไถล (ตอนที่ 2)<br>
Video Length: 595 sec",การกลิ้งโดยไม่ไถล (ตอนที่ 2),595,164,1,,,,,,,,,,,
,,,"Name: การกลิ้งโดยไม่ไถล (ตอนที่ 3)<br>
Video Length: 445 sec",การกลิ้งโดยไม่ไถล (ตอนที่ 3),445,165,1,,,,,,,,,,,
,,,"Name: โมเมนตัมเชิงมุม และการอนุรักษ์ (ตอนที่ 1)<br>
Video Length: 389 sec",โมเมนตัมเชิงมุม และการอนุรักษ์ (ตอนที่ 1),389,166,1,,,,,,,,,,,
,,,"Name: โมเมนตัมเชิงมุม และการอนุรักษ์ (ตอนที่ 2)<br>
Video Length: 462 sec",โมเมนตัมเชิงมุม และการอนุรักษ์ (ตอนที่ 2),462,167,1,,,,,,,,,,,
,,,"Name: โมเมนตัมเชิงมุม และการอนุรักษ์ (ตอนที่ 3)<br>
Video Length: 342 sec",โมเมนตัมเชิงมุม และการอนุรักษ์ (ตอนที่ 3),342,168,1,,,,,,,,,,,
,,,"Name: โมเมนตัมเชิงมุม และการอนุรักษ์ (ตอนที่ 4)<br>
Video Length: 522 sec",โมเมนตัมเชิงมุม และการอนุรักษ์ (ตอนที่ 4),522,169,1,,,,,,,,,,,
,,,"Name: ไจโรสโคป และลูกข่าง (ตอนที่ 1)<br>
Video Length: 461 sec",ไจโรสโคป และลูกข่าง (ตอนที่ 1),461,170,1,,,,,,,,,,,
,,,"Name: ไจโรสโคป และลูกข่าง (ตอนที่ 2)<br>
Video Length: 403 sec",ไจโรสโคป และลูกข่าง (ตอนที่ 2),403,171,1,,,,,,,,,,,
,,,"Name: ไจโรสโคป และลูกข่าง - ตัวอย่าง<br>
Video Length: 442 sec",ไจโรสโคป และลูกข่าง - ตัวอย่าง,442,172,1,,,,,,,,,,,
,,,"Name: ลักษณะการเคลื่อนที่แบบ S.H.M<br>
Video Length: 290 sec",ลักษณะการเคลื่อนที่แบบ S.H.M,290,179,1,,,,,,,,,,,
,,,"Name: สมการการกระจัดของการเคลื่อนที่แบบ S.H.M.<br>
Video Length: 574 sec",สมการการกระจัดของการเคลื่อนที่แบบ S.H.M.,574,180,1,,,,,,,,,,,
,,,"Name: การเคลื่อนที่วงกลม กับ การเคลื่อนที่แบบ S.H.M.<br>
Video Length: 465 sec",การเคลื่อนที่วงกลม กับ การเคลื่อนที่แบบ S.H.M.,465,181,1,,,,,,,,,,,
,,,"Name: สมการความเร็วและความเร่ง ของการเคลื่อนที่แบบ S.H.M.<br>
Video Length: 599 sec",สมการความเร็วและความเร่ง ของการเคลื่อนที่แบบ S.H.M.,599,182,1,,,,,,,,,,,
,,,"Name: กราฟการกระจัด ความเร็ว ความเร่ง ของการเคลื่อนที่แบบ S.H.M. (ตอนที่ 1)<br>
Video Length: 482 sec",กราฟการกระจัด ความเร็ว ความเร่ง ของการเคลื่อนที่แบบ S.H.M. (ตอนที่ 1),482,183,1,,,,,,,,,,,
,,,"Name: กราฟการกระจัด ความเร็ว ความเร่ง ของการเคลื่อนที่แบบ S.H.M. (ตอนที่ 2)<br>
Video Length: 311 sec",กราฟการกระจัด ความเร็ว ความเร่ง ของการเคลื่อนที่แบบ S.H.M. (ตอนที่ 2),311,184,1,,,,,,,,,,,
,,,"Name: สมการมูลฐานของการเคลื่อนที่แบบ S.H.M.<br>
Video Length: 301 sec",สมการมูลฐานของการเคลื่อนที่แบบ S.H.M.,301,185,1,,,,,,,,,,,
,,,"Name: ตัวอย่างการเคลื่อนที่แบบ S.H.M. ตอนที่ 1<br>
Video Length: 471 sec",ตัวอย่างการเคลื่อนที่แบบ S.H.M. ตอนที่ 1,471,186,1,,,,,,,,,,,
,,,"Name: ตัวอย่างการเคลื่อนที่แบบ S.H.M. ตอนที่ 2<br>
Video Length: 394 sec",ตัวอย่างการเคลื่อนที่แบบ S.H.M. ตอนที่ 2,394,187,1,,,,,,,,,,,
,,,"Name: ตัวอย่างการเคลื่อนที่แบบ S.H.M. ตอนที่ 3<br>
Video Length: 391 sec",ตัวอย่างการเคลื่อนที่แบบ S.H.M. ตอนที่ 3,391,188,1,,,,,,,,,,,
,,,"Name: งานและพลังงานจากการเคลื่อนที่แบบ S.H.M.<br>
Video Length: 568 sec",งานและพลังงานจากการเคลื่อนที่แบบ S.H.M.,568,189,1,,,,,,,,,,,
,,,"Name: ตัวอย่างงานและพลังงานจากการเคลื่อนที่แบบ S.H.M. ตอนที่ 1<br>
Video Length: 309 sec",ตัวอย่างงานและพลังงานจากการเคลื่อนที่แบบ S.H.M. ตอนที่ 1,309,190,1,,,,,,,,,,,
,,,"Name: ตัวอย่างงานและพลังงานจากการเคลื่อนที่แบบ S.H.M. ตอนที่ 2<br>
Video Length: 481 sec",ตัวอย่างงานและพลังงานจากการเคลื่อนที่แบบ S.H.M. ตอนที่ 2,481,191,1,,,,,,,,,,,
,,,"Name: ลูกตุ้มนาฬิกาอย่างง่าย<br>
Video Length: 500 sec",ลูกตุ้มนาฬิกาอย่างง่าย,500,192,1,,,,,,,,,,,
,,,"Name: ลูกตุ้มนาฬิกาฟิสิกัล<br>
Video Length: 339 sec",ลูกตุ้มนาฬิกาฟิสิกัล,339,193,1,,,,,,,,,,,
,,,"Name: ตัวอย่างการเคลื่อนที่แบบลูกตุ้มนาฬิกา ตอนที่ 1<br>
Video Length: 477 sec",ตัวอย่างการเคลื่อนที่แบบลูกตุ้มนาฬิกา ตอนที่ 1,477,194,1,,,,,,,,,,,
,,,"Name: ตัวอย่างการเคลื่อนที่แบบลูกตุ้มนาฬิกา ตอนที่ 2-1<br>
Video Length: 526 sec",ตัวอย่างการเคลื่อนที่แบบลูกตุ้มนาฬิกา ตอนที่ 2-1,526,195,1,,,,,,,,,,,
,,,"Name: ตัวอย่างการเคลื่อนที่แบบลูกตุ้มนาฬิกา ตอนที่ 2-2<br>
Video Length: 196 sec",ตัวอย่างการเคลื่อนที่แบบลูกตุ้มนาฬิกา ตอนที่ 2-2,196,196,1,,,,,,,,,,,
,,,"Name: ความเค้นและความเครียด ตอนที่ 1<br>
Video Length: 321 sec",ความเค้นและความเครียด ตอนที่ 1,321,201,1,,,,,,,,,,,
,,,"Name: ความเค้นและความเครียด ตอนที่ 2<br>
Video Length: 350 sec",ความเค้นและความเครียด ตอนที่ 2,350,202,1,,,,,,,,,,,
,,,"Name: สภาพยืดหยุ่นในของไหล<br>
Video Length: 490 sec",สภาพยืดหยุ่นในของไหล,490,203,1,,,,,,,,,,,
,,,"Name: พลังงานศักย์สะสมในการดึงวัสดุยืดหยุ่น<br>
Video Length: 463 sec",พลังงานศักย์สะสมในการดึงวัสดุยืดหยุ่น,463,204,1,,,,,,,,,,,
,,,"Name: แนะนำคลื่นกล<br>
Video Length: 472 sec",แนะนำคลื่นกล,472,208,1,,,,,,,,,,,
,,,"Name: ลักษณะของคลื่น<br>
Video Length: 328 sec",ลักษณะของคลื่น,328,209,1,,,,,,,,,,,
,,,"Name: ฟังก์ชันคลื่น<br>
Video Length: 524 sec",ฟังก์ชันคลื่น,524,210,1,,,,,,,,,,,
,,,"Name: ตัวอย่างฟังก์ชันคลื่น<br>
Video Length: 247 sec",ตัวอย่างฟังก์ชันคลื่น,247,211,1,,,,,,,,,,,
,,,"Name: ฟังก์ชันคลื่นรูปไซน์ ตอนที่ 1<br>
Video Length: 413 sec",ฟังก์ชันคลื่นรูปไซน์ ตอนที่ 1,413,212,1,,,,,,,,,,,
,,,"Name: ฟังก์ชันคลื่นรูปไซน์ ตอนที่ 2<br>
Video Length: 213 sec",ฟังก์ชันคลื่นรูปไซน์ ตอนที่ 2,213,213,1,,,,,,,,,,,
,,,"Name: ฟังก์ชันคลื่นรูปไซน์ ตอนที่ 3<br>
Video Length: 302 sec",ฟังก์ชันคลื่นรูปไซน์ ตอนที่ 3,302,214,1,,,,,,,,,,,
,,,"Name: ความเร็วและความเร่งตามขวางของคลื่นรูปไซน์<br>
Video Length: 372 sec",ความเร็วและความเร่งตามขวางของคลื่นรูปไซน์,372,215,1,,,,,,,,,,,
,,,"Name: ตัวอย่างความเร็วและความเร่งตามขวางของคลื่นรูปไซน์<br>
Video Length: 402 sec",ตัวอย่างความเร็วและความเร่งตามขวางของคลื่นรูปไซน์,402,216,1,,,,,,,,,,,
,,,"Name: อัตราเร็วของคลื่นในตัวกลางชนิดต่างๆ<br>
Video Length: 260 sec",อัตราเร็วของคลื่นในตัวกลางชนิดต่างๆ,260,217,1,,,,,,,,,,,
,,,"Name: อัตราเร็วของคลื่นเสียงในอากาศ<br>
Video Length: 535 sec",อัตราเร็วของคลื่นเสียงในอากาศ,535,218,1,,,,,,,,,,,
,,,"Name: ตัวอย่างอัตราเร็วของคลื่นในตัวกลางต่างๆ ตอนที่ 1<br>
Video Length: 584 sec",ตัวอย่างอัตราเร็วของคลื่นในตัวกลางต่างๆ ตอนที่ 1,584,219,1,,,,,,,,,,,
,,,"Name: ตัวอย่างอัตราเร็วของคลื่นในตัวกลางต่างๆ ตอนที่ 2<br>
Video Length: 235 sec",ตัวอย่างอัตราเร็วของคลื่นในตัวกลางต่างๆ ตอนที่ 2,235,220,1,,,,,,,,,,,
,,,"Name: สมการมูลฐานของคลื่น<br>
Video Length: 210 sec",สมการมูลฐานของคลื่น,210,221,1,,,,,,,,,,,
,,,"Name: คลื่นนิ่งในเส้นเชือก<br>
Video Length: 514 sec",คลื่นนิ่งในเส้นเชือก,514,222,1,,,,,,,,,,,
,,,"Name: สมการคลื่นนิ่ง<br>
Video Length: 518 sec",สมการคลื่นนิ่ง,518,223,1,,,,,,,,,,,
,,,"Name: คลื่นเสียงและท่อออร์แกน ตอนที่ 1<br>
Video Length: 559 sec",คลื่นเสียงและท่อออร์แกน ตอนที่ 1,559,224,1,,,,,,,,,,,
,,,"Name: คลื่นเสียงและท่อออร์แกน ตอนที่ 2<br>
Video Length: 456 sec",คลื่นเสียงและท่อออร์แกน ตอนที่ 2,456,225,1,,,,,,,,,,,
,,,"Name: เฟสระหว่างความดันและการกระจัดของคลื่นเสียง<br>
Video Length: 397 sec",เฟสระหว่างความดันและการกระจัดของคลื่นเสียง,397,226,1,,,,,,,,,,,
,,,"Name: ความเข้มเสียงและระดับความเข้มเสียง<br>
Video Length: 367 sec",ความเข้มเสียงและระดับความเข้มเสียง,367,227,1,,,,,,,,,,,
,,,"Name: ความเข้มเสียงกับระยะทาง<br>
Video Length: 216 sec",ความเข้มเสียงกับระยะทาง,216,228,1,,,,,,,,,,,
,,,"Name: บีตส์ ตอนที่ 1<br>
Video Length: 508 sec",บีตส์ ตอนที่ 1,508,229,1,,,,,,,,,,,
,,,"Name: บีตส์ ตอนที่ 2<br>
Video Length: 550 sec",บีตส์ ตอนที่ 2,550,230,1,,,,,,,,,,,
,,,"Name: ปรากฎการณ์ดอปเพลอร์ ตอนที่ 1<br>
Video Length: 562 sec",ปรากฎการณ์ดอปเพลอร์ ตอนที่ 1,562,231,1,,,,,,,,,,,
,,,"Name: ปรากฎการณ์ดอปเพลอร์ ตอนที่ 2<br>
Video Length: 445 sec",ปรากฎการณ์ดอปเพลอร์ ตอนที่ 2,445,232,1,,,,,,,,,,,
,,,"Name: ปรากฎการณ์ดอปเพลอร์ ตอนที่ 3<br>
Video Length: 215 sec",ปรากฎการณ์ดอปเพลอร์ ตอนที่ 3,215,233,1,,,,,,,,,,,
,,,"Name: ตัวอย่างการประยุกต์ปรากฎการณ์ดอปเพลอร์<br>
Video Length: 358 sec",ตัวอย่างการประยุกต์ปรากฎการณ์ดอปเพลอร์,358,234,1,,,,,,,,,,,
,,,"Name: นิยามของไหล<br>
Video Length: 239 sec",นิยามของไหล,239,239,1,,,,,,,,,,,
,,,"Name: ความดันของของไหล<br>
Video Length: 359 sec",ความดันของของไหล,359,240,1,,,,,,,,,,,
,,,"Name: กฎของพาสคัล<br>
Video Length: 226 sec",กฎของพาสคัล,226,241,1,,,,,,,,,,,
,,,"Name: เครื่องกลไฮดรอลิก<br>
Video Length: 216 sec",เครื่องกลไฮดรอลิก,216,242,1,,,,,,,,,,,
,,,"Name: แรงลอยตัว<br>
Video Length: 420 sec",แรงลอยตัว,420,243,1,,,,,,,,,,,
,,,"Name: แรงลอยตัว ตอนที่ 2<br>
Video Length: 246 sec",แรงลอยตัว ตอนที่ 2,246,244,1,,,,,,,,,,,
,,,"Name: การประยุกต์แรงลอยตัวกับความดัน<br>
Video Length: 434 sec",การประยุกต์แรงลอยตัวกับความดัน,434,245,1,,,,,,,,,,,
,,,"Name: นิยามพลศาสตร์ของไหล<br>
Video Length: 241 sec",นิยามพลศาสตร์ของไหล,241,246,1,,,,,,,,,,,
,,,"Name: สมการความต่อเนื่องของของไหล<br>
Video Length: 483 sec",สมการความต่อเนื่องของของไหล,483,247,1,,,,,,,,,,,
,,,"Name: สมการแบร์นูลลี ตอนที่ 1<br>
Video Length: 602 sec",สมการแบร์นูลลี ตอนที่ 1,602,248,1,,,,,,,,,,,
,,,"Name: สมการแบร์นูลลี ตอนที่ 2<br>
Video Length: 344 sec",สมการแบร์นูลลี ตอนที่ 2,344,249,1,,,,,,,,,,,
,,,"Name: มาตรวัดเวนจูรี<br>
Video Length: 433 sec",มาตรวัดเวนจูรี,433,250,1,,,,,,,,,,,
,,,"Name: การประยุกต์ใช้สมการแบร์นูลลี ตอนที่ 1<br>
Video Length: 521 sec",การประยุกต์ใช้สมการแบร์นูลลี ตอนที่ 1,521,251,1,,,,,,,,,,,
,,,"Name: การประยุกต์ใช้สมการแบร์นูลลี ตอนที่ 2<br>
Video Length: 327 sec",การประยุกต์ใช้สมการแบร์นูลลี ตอนที่ 2,327,252,1,,,,,,,,,,,
,,,"Name: การขยายตัวเนื่องจากความร้อน ตอนที่ 1<br>
Video Length: 523 sec",การขยายตัวเนื่องจากความร้อน ตอนที่ 1,523,257,1,,,,,,,,,,,
,,,"Name: การขยายตัวเนื่องจากความร้อน ตอนที่ 2<br>
Video Length: 539 sec",การขยายตัวเนื่องจากความร้อน ตอนที่ 2,539,258,1,,,,,,,,,,,
,,,"Name: กฎของแก๊ส ตอนที่ 1<br>
Video Length: 376 sec",กฎของแก๊ส ตอนที่ 1,376,259,1,,,,,,,,,,,
,,,"Name: กฎของแก๊ส ตอนที่ 2<br>
Video Length: 452 sec",กฎของแก๊ส ตอนที่ 2,452,260,1,,,,,,,,,,,
,,,"Name: พลังงานภายในของแก๊ส ตอนที่ 1<br>
Video Length: 572 sec",พลังงานภายในของแก๊ส ตอนที่ 1,572,261,1,,,,,,,,,,,
,,,"Name: พลังงานภายในของแก๊ส ตอนที่ 2<br>
Video Length: 115 sec",พลังงานภายในของแก๊ส ตอนที่ 2,115,262,1,,,,,,,,,,,
,,,"Name: กฎข้อที่ 1 ของอุณหพลศาสตร์<br>
Video Length: 388 sec",กฎข้อที่ 1 ของอุณหพลศาสตร์,388,263,1,,,,,,,,,,,
,,,"Name: กระบวนการทางอุณพลศาสตร์ (ปริมาตรคงที่)<br>
Video Length: 539 sec",กระบวนการทางอุณพลศาสตร์ (ปริมาตรคงที่),539,264,1,,,,,,,,,,,
,,,"Name: กระบวนการทางอุณพลศาสตร์ (ความดันคงที่)<br>
Video Length: 248 sec",กระบวนการทางอุณพลศาสตร์ (ความดันคงที่),248,265,1,,,,,,,,,,,
,,,"Name: กระบวนการทางอุณพลศาสตร์ (อุณหภูมิคงที่)<br>
Video Length: 123 sec",กระบวนการทางอุณพลศาสตร์ (อุณหภูมิคงที่),123,266,1,,,,,,,,,,,
,,,"Name: Video<br>
Video Length: 504 sec",Video,504,267,1,,,,,,,,,,,
,,,"Name: แบบฝึกหัดกระบวนการทางอุณพลศาสตร์ ตอนที่ 1<br>
Video Length: 504 sec",แบบฝึกหัดกระบวนการทางอุณพลศาสตร์ ตอนที่ 1,504,268,1,,,,,,,,,,,
,,,"Name: แบบฝึกหัดกระบวนการทางอุณพลศาสตร์ ตอนที่ 2<br>
Video Length: 472 sec",แบบฝึกหัดกระบวนการทางอุณพลศาสตร์ ตอนที่ 2,472,269,1,,,,,,,,,,,
,,,"Name: วัฏจักรคาร์โนท์ ตอนที่ 1<br>
Video Length: 413 sec",วัฏจักรคาร์โนท์ ตอนที่ 1,413,270,1,,,,,,,,,,,
,,,"Name: วัฏจักรคาร์โนท์ ตอนที่ 2<br>
Video Length: 494 sec",วัฏจักรคาร์โนท์ ตอนที่ 2,494,271,1,,,,,,,,,,,
,,,"Name: วัฏจักรคาร์โนท์ ตอนที่ 3<br>
Video Length: 528 sec",วัฏจักรคาร์โนท์ ตอนที่ 3,528,272,1,,,,,,,,,,,
,,,"Name: วัฏจักรคาร์โนท์ ตอนที่ 4<br>
Video Length: 563 sec",วัฏจักรคาร์โนท์ ตอนที่ 4,563,273,1,,,,,,,,,,,
,,,"Name: วัฏจักรคาร์โนท์ ตอนที่ 5<br>
Video Length: 358 sec",วัฏจักรคาร์โนท์ ตอนที่ 5,358,274,1,,,,,,,,,,,
,,,"Name: วัฏจักรออดโต<br>
Video Length: 479 sec",วัฏจักรออดโต,479,275,1,,,,,,,,,,,