,Unnamed: 0,Course Name,Course Number,Student ID,Grade,Certificate Eligible,Certificate Delivered,Pass,Attempt,learner cluster,c_length,Evaluate,Learner Type
0,0,General Physics I,ku002,1472,0.0,0,0,0,0.0,0,Long,0: Not Pass,0: Sampling
1,1,General Physics I,ku002,127814,0.0,0,0,0,0.0,0,Long,0: Not Pass,0: Sampling
2,2,General Physics I,ku002,135298,0.0,0,0,0,0.0,0,Long,0: Not Pass,0: Sampling
3,3,General Physics I,ku002,126574,0.0,0,0,0,0.0,0,Long,0: Not Pass,0: Sampling
4,4,General Physics I,ku002,132882,0.0,0,0,0,0.0,0,Long,0: Not Pass,0: Sampling
5,5,General Physics I,ku002,124696,0.0,0,0,0,0.0,0,Long,0: Not Pass,0: Sampling
6,6,General Physics I,ku002,133059,0.0,0,0,0,0.0,0,Long,0: Not Pass,0: Sampling
7,7,General Physics I,ku002,142729,0.0,0,0,0,0.0,0,Long,0: Not Pass,0: Sampling
8,8,General Physics I,ku002,142761,0.0,0,0,0,0.0,0,Long,0: Not Pass,0: Sampling
9,9,General Physics I,ku002,124699,0.0,0,0,0,0.0,0,Long,0: Not Pass,0: Sampling
10,10,General Physics I,ku002,142848,0.0,0,0,0,0.0,0,Long,0: Not Pass,0: Sampling
11,11,General Physics I,ku002,100981,0.0,0,0,0,0.0,0,Long,0: Not Pass,0: Sampling
12,12,General Physics I,ku002,133130,0.0,0,0,0,0.0,0,Long,0: Not Pass,0: Sampling
13,13,General Physics I,ku002,124108,0.0,0,0,0,0.0,0,Long,0: Not Pass,0: Sampling
14,14,General Physics I,ku002,142794,0.0,0,0,0,0.0,0,Long,0: Not Pass,0: Sampling
15,15,General Physics I,ku002,142980,0.0,0,0,0,0.0,0,Long,0: Not Pass,0: Sampling
16,16,General Physics I,ku002,140218,0.0,0,0,0,0.0,0,Long,0: Not Pass,0: Sampling
17,17,General Physics I,ku002,133688,0.05,0,0,0,0.07,0,Long,0: Not Pass,0: Sampling
18,18,General Physics I,ku002,143428,0.0,0,0,0,0.0,0,Long,0: Not Pass,0: Sampling
19,19,General Physics I,ku002,124291,0.0,0,0,0,0.0,0,Long,0: Not Pass,0: Sampling
20,20,General Physics I,ku002,143916,0.0,0,0,0,0.0,0,Long,0: Not Pass,0: Sampling
21,21,General Physics I,ku002,141205,0.0,0,0,0,0.0,0,Long,0: Not Pass,0: Sampling
22,22,General Physics I,ku002,144114,0.0,0,0,0,0.0,0,Long,0: Not Pass,0: Sampling
23,23,General Physics I,ku002,144196,0.0,0,0,0,0.0,0,Long,0: Not Pass,0: Sampling
24,24,General Physics I,ku002,9343,0.0,0,0,0,0.0,0,Long,0: Not Pass,0: Sampling
25,25,General Physics I,ku002,143152,0.0,0,0,0,0.0,0,Long,0: Not Pass,0: Sampling
26,26,General Physics I,ku002,144504,0.0,0,0,0,0.0,0,Long,0: Not Pass,0: Sampling
27,27,General Physics I,ku002,136164,0.0,0,0,0,0.0,0,Long,0: Not Pass,0: Sampling
28,28,General Physics I,ku002,144535,0.0,0,0,0,0.0,0,Long,0: Not Pass,0: Sampling
29,29,General Physics I,ku002,144835,0.0,0,0,0,0.0,0,Long,0: Not Pass,0: Sampling
30,30,General Physics I,ku002,144840,0.0,0,0,0,0.0,0,Long,0: Not Pass,0: Sampling
31,31,General Physics I,ku002,144841,0.0,0,0,0,0.0,0,Long,0: Not Pass,0: Sampling
32,32,General Physics I,ku002,144844,0.0,0,0,0,0.0,0,Long,0: Not Pass,0: Sampling
33,33,General Physics I,ku002,136477,0.0,0,0,0,0.0,0,Long,0: Not Pass,0: Sampling
34,34,General Physics I,ku002,145954,0.0,0,0,0,0.0,0,Long,0: Not Pass,0: Sampling
35,35,General Physics I,ku002,145969,0.0,0,0,0,0.0,0,Long,0: Not Pass,0: Sampling
36,36,General Physics I,ku002,146152,0.0,0,0,0,0.0,0,Long,0: Not Pass,0: Sampling
37,37,General Physics I,ku002,127510,0.0,0,0,0,0.0,0,Long,0: Not Pass,0: Sampling
38,38,General Physics I,ku002,125122,0.0,0,0,0,0.0,0,Long,0: Not Pass,0: Sampling
39,39,General Physics I,ku002,146641,0.0,0,0,0,0.0,0,Long,0: Not Pass,0: Sampling
40,40,General Physics I,ku002,146647,0.0,0,0,0,0.0,0,Long,0: Not Pass,0: Sampling
41,41,General Physics I,ku002,146877,0.0,0,0,0,0.0,0,Long,0: Not Pass,0: Sampling
42,42,General Physics I,ku002,23063,0.0,0,0,0,0.0,0,Long,0: Not Pass,0: Sampling
43,43,General Physics I,ku002,147114,0.0,0,0,0,0.0,0,Long,0: Not Pass,0: Sampling
44,44,General Physics I,ku002,147145,0.0,0,0,0,0.0,0,Long,0: Not Pass,0: Sampling
45,45,General Physics I,ku002,9206,0.0,0,0,0,0.0,0,Long,0: Not Pass,0: Sampling
46,46,General Physics I,ku002,147558,0.0,0,0,0,0.0,0,Long,0: Not Pass,0: Sampling
47,47,General Physics I,ku002,111425,0.0,0,0,0,0.0,0,Long,0: Not Pass,0: Sampling
48,48,General Physics I,ku002,146554,0.0,0,0,0,0.0,0,Long,0: Not Pass,0: Sampling
49,49,General Physics I,ku002,147646,0.0,0,0,0,0.0,0,Long,0: Not Pass,0: Sampling
50,50,General Physics I,ku002,148497,0.0,0,0,0,0.0,0,Long,0: Not Pass,0: Sampling
51,51,General Physics I,ku002,46,0.0,0,0,0,0.0,0,Long,0: Not Pass,0: Sampling
52,52,General Physics I,ku002,148558,0.0,0,0,0,0.0,0,Long,0: Not Pass,0: Sampling
53,53,General Physics I,ku002,145045,0.0,0,0,0,0.0,0,Long,0: Not Pass,0: Sampling
54,54,General Physics I,ku002,148804,0.0,0,0,0,0.0,0,Long,0: Not Pass,0: Sampling
55,55,General Physics I,ku002,148848,0.0,0,0,0,0.0,0,Long,0: Not Pass,0: Sampling
56,56,General Physics I,ku002,148860,0.0,0,0,0,0.0,0,Long,0: Not Pass,0: Sampling
57,57,General Physics I,ku002,148857,0.0,0,0,0,0.0,0,Long,0: Not Pass,0: Sampling
58,58,General Physics I,ku002,148864,0.0,0,0,0,0.0,0,Long,0: Not Pass,0: Sampling
59,59,General Physics I,ku002,148872,0.0,0,0,0,0.0,0,Long,0: Not Pass,0: Sampling
60,60,General Physics I,ku002,142275,0.0,0,0,0,0.0,0,Long,0: Not Pass,0: Sampling
61,61,General Physics I,ku002,141247,0.0,0,0,0,0.0,0,Long,0: Not Pass,0: Sampling
62,62,General Physics I,ku002,107900,0.0,0,0,0,0.0,0,Long,0: Not Pass,0: Sampling
63,63,General Physics I,ku002,149121,0.0,0,0,0,0.0,0,Long,0: Not Pass,0: Sampling
64,64,General Physics I,ku002,149131,0.0,0,0,0,0.0,0,Long,0: Not Pass,0: Sampling
65,65,General Physics I,ku002,67230,0.0,0,0,0,0.0,0,Long,0: Not Pass,0: Sampling
66,66,General Physics I,ku002,149217,0.0,0,0,0,0.0,0,Long,0: Not Pass,0: Sampling
67,67,General Physics I,ku002,149920,0.0,0,0,0,0.0,0,Long,0: Not Pass,0: Sampling
68,68,General Physics I,ku002,149922,0.0,0,0,0,0.0,0,Long,0: Not Pass,0: Sampling
69,69,General Physics I,ku002,149926,0.0,0,0,0,0.0,0,Long,0: Not Pass,0: Sampling
70,70,General Physics I,ku002,149932,0.0,0,0,0,0.0,0,Long,0: Not Pass,0: Sampling
71,71,General Physics I,ku002,149980,0.0,0,0,0,0.0,0,Long,0: Not Pass,0: Sampling
72,72,General Physics I,ku002,150104,0.0,0,0,0,0.0,0,Long,0: Not Pass,0: Sampling
73,73,General Physics I,ku002,150147,0.0,0,0,0,0.0,0,Long,0: Not Pass,0: Sampling
74,74,General Physics I,ku002,150009,0.0,0,0,0,0.0,0,Long,0: Not Pass,0: Sampling
75,75,General Physics I,ku002,150318,0.0,0,0,0,0.0,0,Long,0: Not Pass,0: Sampling
76,76,General Physics I,ku002,5517,0.0,0,0,0,0.0,0,Long,0: Not Pass,0: Sampling
77,77,General Physics I,ku002,150363,0.0,0,0,0,0.0,0,Long,0: Not Pass,0: Sampling
78,78,General Physics I,ku002,150550,0.0,0,0,0,0.0,0,Long,0: Not Pass,0: Sampling
79,79,General Physics I,ku002,150747,0.0,0,0,0,0.0,0,Long,0: Not Pass,0: Sampling
80,80,General Physics I,ku002,150565,0.0,0,0,0,0.0,0,Long,0: Not Pass,0: Sampling
81,81,General Physics I,ku002,151102,0.0,0,0,0,0.0,0,Long,0: Not Pass,0: Sampling
82,82,General Physics I,ku002,129726,0.0,0,0,0,0.0,0,Long,0: Not Pass,0: Sampling
83,83,General Physics I,ku002,40625,0.0,0,0,0,0.0,0,Long,0: Not Pass,0: Sampling
84,84,General Physics I,ku002,151313,0.0,0,0,0,0.0,0,Long,0: Not Pass,0: Sampling
85,85,General Physics I,ku002,134989,0.0,0,0,0,0.0,0,Long,0: Not Pass,0: Sampling
86,86,General Physics I,ku002,92973,0.0,0,0,0,0.0,0,Long,0: Not Pass,0: Sampling
87,87,General Physics I,ku002,151440,0.0,0,0,0,0.0,0,Long,0: Not Pass,0: Sampling
88,88,General Physics I,ku002,151488,0.0,0,0,0,0.0,0,Long,0: Not Pass,0: Sampling
89,89,General Physics I,ku002,79976,0.0,0,0,0,0.0,0,Long,0: Not Pass,0: Sampling
90,90,General Physics I,ku002,4796,0.0,0,0,0,0.0,0,Long,0: Not Pass,0: Sampling
91,91,General Physics I,ku002,151566,0.0,0,0,0,0.0,0,Long,0: Not Pass,0: Sampling
92,92,General Physics I,ku002,151779,0.0,0,0,0,0.0,0,Long,0: Not Pass,0: Sampling
93,93,General Physics I,ku002,151623,0.0,0,0,0,0.0,0,Long,0: Not Pass,0: Sampling
94,94,General Physics I,ku002,151841,0.0,0,0,0,0.0,0,Long,0: Not Pass,0: Sampling
95,95,General Physics I,ku002,152024,0.0,0,0,0,0.0,0,Long,0: Not Pass,0: Sampling
96,96,General Physics I,ku002,152027,0.0,0,0,0,0.0,0,Long,0: Not Pass,0: Sampling
97,97,General Physics I,ku002,152282,0.0,0,0,0,0.0,0,Long,0: Not Pass,0: Sampling
98,98,General Physics I,ku002,152315,0.0,0,0,0,0.0,0,Long,0: Not Pass,0: Sampling
99,99,General Physics I,ku002,152618,0.0,0,0,0,0.0,0,Long,0: Not Pass,0: Sampling
100,100,General Physics I,ku002,152612,0.0,0,0,0,0.0,0,Long,0: Not Pass,0: Sampling
101,101,General Physics I,ku002,152615,0.0,0,0,0,0.0,0,Long,0: Not Pass,0: Sampling
102,102,General Physics I,ku002,152676,0.0,0,0,0,0.0,0,Long,0: Not Pass,0: Sampling
103,103,General Physics I,ku002,152976,0.0,0,0,0,0.0,0,Long,0: Not Pass,0: Sampling
104,104,General Physics I,ku002,152981,0.0,0,0,0,0.0,0,Long,0: Not Pass,0: Sampling
105,105,General Physics I,ku002,153040,0.0,0,0,0,0.0,0,Long,0: Not Pass,0: Sampling
106,106,General Physics I,ku002,153088,0.0,0,0,0,0.0,0,Long,0: Not Pass,0: Sampling
107,107,General Physics I,ku002,153106,0.0,0,0,0,0.0,0,Long,0: Not Pass,0: Sampling
108,108,General Physics I,ku002,153152,0.16,0,0,0,0.27,2,Long,0: Not Pass,2: Targeting
109,109,General Physics I,ku002,153169,0.0,0,0,0,0.0,0,Long,0: Not Pass,0: Sampling
110,110,General Physics I,ku002,153230,0.0,0,0,0,0.0,0,Long,0: Not Pass,0: Sampling
111,111,General Physics I,ku002,107018,0.0,0,0,0,0.0,0,Long,0: Not Pass,0: Sampling
112,112,General Physics I,ku002,153254,0.0,0,0,0,0.0,0,Long,0: Not Pass,0: Sampling
113,113,General Physics I,ku002,153467,0.0,0,0,0,0.0,0,Long,0: Not Pass,0: Sampling
114,114,General Physics I,ku002,132678,0.0,0,0,0,0.0,0,Long,0: Not Pass,0: Sampling
115,115,General Physics I,ku002,152316,0.0,0,0,0,0.0,0,Long,0: Not Pass,0: Sampling
116,116,General Physics I,ku002,154312,0.0,0,0,0,0.0,0,Long,0: Not Pass,0: Sampling
117,117,General Physics I,ku002,154367,0.0,0,0,0,0.0,0,Long,0: Not Pass,0: Sampling
118,118,General Physics I,ku002,122929,0.0,0,0,0,0.0,0,Long,0: Not Pass,0: Sampling
119,119,General Physics I,ku002,154741,0.0,0,0,0,0.0,0,Long,0: Not Pass,0: Sampling
120,120,General Physics I,ku002,155193,0.0,0,0,0,0.0,0,Long,0: Not Pass,0: Sampling
121,121,General Physics I,ku002,155214,0.0,0,0,0,0.0,0,Long,0: Not Pass,0: Sampling
122,122,General Physics I,ku002,155446,0.0,0,0,0,0.0,0,Long,0: Not Pass,0: Sampling
123,123,General Physics I,ku002,92031,0.0,0,0,0,0.0,0,Long,0: Not Pass,0: Sampling
124,124,General Physics I,ku002,156026,0.0,0,0,0,0.0,0,Long,0: Not Pass,0: Sampling
125,125,General Physics I,ku002,12969,0.0,0,0,0,0.0,0,Long,0: Not Pass,0: Sampling
126,126,General Physics I,ku002,156514,0.0,0,0,0,0.0,0,Long,0: Not Pass,0: Sampling
127,127,General Physics I,ku002,131892,0.0,0,0,0,0.0,0,Long,0: Not Pass,0: Sampling
128,128,General Physics I,ku002,156598,0.07,0,0,0,0.13,0,Long,0: Not Pass,0: Sampling
129,129,General Physics I,ku002,156681,0.0,0,0,0,0.0,0,Long,0: Not Pass,0: Sampling
130,130,General Physics I,ku002,156529,0.0,0,0,0,0.0,0,Long,0: Not Pass,0: Sampling
131,131,General Physics I,ku002,154004,0.0,0,0,0,0.0,0,Long,0: Not Pass,0: Sampling
132,132,General Physics I,ku002,142441,0.0,0,0,0,0.0,0,Long,0: Not Pass,0: Sampling
133,133,General Physics I,ku002,156769,0.0,0,0,0,0.0,0,Long,0: Not Pass,0: Sampling
134,134,General Physics I,ku002,155865,0.93,1,1,1,0.93,1,Long,1: Pass,1: Comprehensive
135,135,General Physics I,ku002,157038,0.0,0,0,0,0.0,0,Long,0: Not Pass,0: Sampling
136,136,General Physics I,ku002,157081,0.0,0,0,0,0.0,0,Long,0: Not Pass,0: Sampling
137,137,General Physics I,ku002,157318,0.0,0,0,0,0.0,0,Long,0: Not Pass,0: Sampling
138,138,General Physics I,ku002,157033,0.0,0,0,0,0.0,0,Long,0: Not Pass,0: Sampling
139,139,General Physics I,ku002,154540,0.0,0,0,0,0.0,0,Long,0: Not Pass,0: Sampling
140,140,General Physics I,ku002,156962,0.0,0,0,0,0.0,0,Long,0: Not Pass,0: Sampling
141,141,General Physics I,ku002,158245,0.0,0,0,0,0.0,0,Long,0: Not Pass,0: Sampling
142,142,General Physics I,ku002,151265,0.0,0,0,0,0.0,0,Long,0: Not Pass,0: Sampling
143,143,General Physics I,ku002,79238,0.0,0,0,0,0.0,0,Long,0: Not Pass,0: Sampling
144,144,General Physics I,ku002,17530,0.0,0,0,0,0.0,0,Long,0: Not Pass,0: Sampling
145,145,General Physics I,ku002,158925,0.0,0,0,0,0.0,0,Long,0: Not Pass,0: Sampling
146,146,General Physics I,ku002,99703,0.0,0,0,0,0.0,0,Long,0: Not Pass,0: Sampling
147,147,General Physics I,ku002,159202,0.0,0,0,0,0.0,0,Long,0: Not Pass,0: Sampling
148,148,General Physics I,ku002,159453,0.0,0,0,0,0.0,0,Long,0: Not Pass,0: Sampling
149,149,General Physics I,ku002,159841,0.0,0,0,0,0.0,0,Long,0: Not Pass,0: Sampling
150,150,General Physics I,ku002,122470,0.0,0,0,0,0.0,0,Long,0: Not Pass,0: Sampling
151,151,General Physics I,ku002,137721,0.0,0,0,0,0.0,0,Long,0: Not Pass,0: Sampling
152,152,General Physics I,ku002,151090,0.0,0,0,0,0.0,0,Long,0: Not Pass,0: Sampling
153,153,General Physics I,ku002,160105,0.0,0,0,0,0.0,0,Long,0: Not Pass,0: Sampling
154,154,General Physics I,ku002,160122,0.0,0,0,0,0.0,0,Long,0: Not Pass,0: Sampling
155,155,General Physics I,ku002,160173,0.0,0,0,0,0.0,0,Long,0: Not Pass,0: Sampling
156,156,General Physics I,ku002,160189,0.0,0,0,0,0.0,0,Long,0: Not Pass,0: Sampling
157,157,General Physics I,ku002,160265,0.0,0,0,0,0.0,0,Long,0: Not Pass,0: Sampling
158,158,General Physics I,ku002,160303,0.0,0,0,0,0.0,0,Long,0: Not Pass,0: Sampling
159,159,General Physics I,ku002,97856,0.0,0,0,0,0.0,0,Long,0: Not Pass,0: Sampling
160,160,General Physics I,ku002,160813,0.0,0,0,0,0.0,0,Long,0: Not Pass,0: Sampling
161,161,General Physics I,ku002,161266,0.52,1,1,1,0.53,2,Long,1: Pass,2: Targeting
162,162,General Physics I,ku002,161260,0.52,1,1,1,0.53,2,Long,1: Pass,2: Targeting
163,163,General Physics I,ku002,161455,0.98,1,1,1,1.0,1,Long,1: Pass,1: Comprehensive
164,164,General Physics I,ku002,161498,0.0,0,0,0,0.0,0,Long,0: Not Pass,0: Sampling
165,165,General Physics I,ku002,5737,0.0,0,0,0,0.0,0,Long,0: Not Pass,0: Sampling
166,166,General Physics I,ku002,87298,0.0,0,0,0,0.0,0,Long,0: Not Pass,0: Sampling
167,167,General Physics I,ku002,161899,0.0,0,0,0,0.0,0,Long,0: Not Pass,0: Sampling
168,168,General Physics I,ku002,161911,0.62,1,1,1,0.47,2,Long,1: Pass,2: Targeting
169,169,General Physics I,ku002,161912,0.0,0,0,0,0.0,0,Long,0: Not Pass,0: Sampling
170,170,General Physics I,ku002,161726,0.0,0,0,0,0.0,0,Long,0: Not Pass,0: Sampling
171,171,General Physics I,ku002,161294,0.52,1,1,1,0.53,2,Long,1: Pass,2: Targeting
172,172,General Physics I,ku002,162277,0.0,0,0,0,0.0,0,Long,0: Not Pass,0: Sampling
173,173,General Physics I,ku002,162284,0.1,0,0,0,0.2,0,Long,0: Not Pass,0: Sampling
174,174,General Physics I,ku002,162286,0.37,0,0,0,0.53,2,Long,0: Not Pass,2: Targeting
175,175,General Physics I,ku002,162287,0.17,0,0,0,0.27,2,Long,0: Not Pass,2: Targeting
176,176,General Physics I,ku002,162293,0.0,0,0,0,0.0,0,Long,0: Not Pass,0: Sampling
177,177,General Physics I,ku002,161876,0.14,0,0,0,0.27,2,Long,0: Not Pass,2: Targeting
178,178,General Physics I,ku002,162295,0.21,0,0,0,0.33,2,Long,0: Not Pass,2: Targeting
179,179,General Physics I,ku002,162304,0.0,0,0,0,0.0,0,Long,0: Not Pass,0: Sampling
180,180,General Physics I,ku002,162320,0.0,0,0,0,0.0,0,Long,0: Not Pass,0: Sampling
181,181,General Physics I,ku002,162310,0.0,0,0,0,0.0,0,Long,0: Not Pass,0: Sampling
182,182,General Physics I,ku002,162316,0.14,0,0,0,0.27,2,Long,0: Not Pass,2: Targeting
183,183,General Physics I,ku002,162323,0.12,0,0,0,0.27,2,Long,0: Not Pass,2: Targeting
184,184,General Physics I,ku002,162302,0.0,0,0,0,0.0,0,Long,0: Not Pass,0: Sampling
185,185,General Physics I,ku002,162326,0.0,0,0,0,0.0,0,Long,0: Not Pass,0: Sampling
186,186,General Physics I,ku002,162329,0.16,0,0,0,0.27,2,Long,0: Not Pass,2: Targeting
187,187,General Physics I,ku002,162278,0.0,0,0,0,0.0,0,Long,0: Not Pass,0: Sampling
188,188,General Physics I,ku002,162313,0.17,0,0,0,0.27,2,Long,0: Not Pass,2: Targeting
189,189,General Physics I,ku002,162349,0.0,0,0,0,0.0,0,Long,0: Not Pass,0: Sampling
190,190,General Physics I,ku002,162353,0.0,0,0,0,0.0,0,Long,0: Not Pass,0: Sampling
191,191,General Physics I,ku002,162367,0.0,0,0,0,0.0,0,Long,0: Not Pass,0: Sampling
192,192,General Physics I,ku002,162379,0.0,0,0,0,0.0,0,Long,0: Not Pass,0: Sampling
193,193,General Physics I,ku002,162382,0.0,0,0,0,0.0,0,Long,0: Not Pass,0: Sampling
194,194,General Physics I,ku002,162332,0.0,0,0,0,0.0,0,Long,0: Not Pass,0: Sampling
195,195,General Physics I,ku002,162406,0.0,0,0,0,0.0,0,Long,0: Not Pass,0: Sampling
196,196,General Physics I,ku002,162416,0.0,0,0,0,0.0,0,Long,0: Not Pass,0: Sampling
197,197,General Physics I,ku002,162430,0.0,0,0,0,0.0,0,Long,0: Not Pass,0: Sampling
198,198,General Physics I,ku002,162401,0.0,0,0,0,0.0,0,Long,0: Not Pass,0: Sampling
199,199,General Physics I,ku002,162344,0.06,0,0,0,0.13,0,Long,0: Not Pass,0: Sampling
200,200,General Physics I,ku002,162524,0.0,0,0,0,0.0,0,Long,0: Not Pass,0: Sampling
201,201,General Physics I,ku002,161599,0.17,0,0,0,0.27,2,Long,0: Not Pass,2: Targeting
202,202,General Physics I,ku002,162527,0.17,0,0,0,0.27,2,Long,0: Not Pass,2: Targeting
203,203,General Physics I,ku002,162523,0.47,0,0,0,0.47,2,Long,0: Not Pass,2: Targeting
204,204,General Physics I,ku002,162536,0.29,0,0,0,0.47,2,Long,0: Not Pass,2: Targeting
205,205,General Physics I,ku002,162533,0.16,0,0,0,0.27,2,Long,0: Not Pass,2: Targeting
206,206,General Physics I,ku002,162530,0.0,0,0,0,0.07,0,Long,0: Not Pass,0: Sampling
207,207,General Physics I,ku002,162544,0.0,0,0,0,0.0,0,Long,0: Not Pass,0: Sampling
208,208,General Physics I,ku002,162539,0.0,0,0,0,0.0,0,Long,0: Not Pass,0: Sampling
209,209,General Physics I,ku002,162547,0.18,0,0,0,0.27,2,Long,0: Not Pass,2: Targeting
210,210,General Physics I,ku002,162559,0.0,0,0,0,0.0,0,Long,0: Not Pass,0: Sampling
211,211,General Physics I,ku002,162541,0.0,0,0,0,0.0,0,Long,0: Not Pass,0: Sampling
212,212,General Physics I,ku002,162560,0.13,0,0,0,0.27,2,Long,0: Not Pass,2: Targeting
213,213,General Physics I,ku002,162554,0.18,0,0,0,0.27,2,Long,0: Not Pass,2: Targeting
214,214,General Physics I,ku002,162577,0.0,0,0,0,0.0,0,Long,0: Not Pass,0: Sampling
215,215,General Physics I,ku002,162578,0.0,0,0,0,0.0,0,Long,0: Not Pass,0: Sampling
216,216,General Physics I,ku002,162557,0.18,0,0,0,0.27,2,Long,0: Not Pass,2: Targeting
217,217,General Physics I,ku002,162562,0.0,0,0,0,0.0,0,Long,0: Not Pass,0: Sampling
218,218,General Physics I,ku002,162586,0.0,0,0,0,0.0,0,Long,0: Not Pass,0: Sampling
219,219,General Physics I,ku002,162604,0.0,0,0,0,0.0,0,Long,0: Not Pass,0: Sampling
220,220,General Physics I,ku002,162605,0.18,0,0,0,0.27,2,Long,0: Not Pass,2: Targeting
221,221,General Physics I,ku002,162575,0.91,1,0,1,0.93,1,Long,1: Pass,1: Comprehensive
222,222,General Physics I,ku002,162595,0.64,1,0,1,1.0,1,Long,1: Pass,1: Comprehensive
223,223,General Physics I,ku002,162608,0.0,0,0,0,0.0,0,Long,0: Not Pass,0: Sampling
224,224,General Physics I,ku002,162568,0.17,0,0,0,0.27,2,Long,0: Not Pass,2: Targeting
225,225,General Physics I,ku002,162550,0.0,0,0,0,0.0,0,Long,0: Not Pass,0: Sampling
226,226,General Physics I,ku002,162598,0.0,0,0,0,0.0,0,Long,0: Not Pass,0: Sampling
227,227,General Physics I,ku002,162526,0.0,0,0,0,0.0,0,Long,0: Not Pass,0: Sampling
228,228,General Physics I,ku002,162581,0.0,0,0,0,0.0,0,Long,0: Not Pass,0: Sampling
229,229,General Physics I,ku002,162611,0.0,0,0,0,0.0,0,Long,0: Not Pass,0: Sampling
230,230,General Physics I,ku002,162617,0.0,0,0,0,0.0,0,Long,0: Not Pass,0: Sampling
231,231,General Physics I,ku002,162632,0.18,0,0,0,0.27,2,Long,0: Not Pass,2: Targeting
232,232,General Physics I,ku002,162638,0.19,0,0,0,0.33,2,Long,0: Not Pass,2: Targeting
233,233,General Physics I,ku002,162565,0.12,0,0,0,0.27,2,Long,0: Not Pass,2: Targeting
234,234,General Physics I,ku002,162553,0.0,0,0,0,0.0,0,Long,0: Not Pass,0: Sampling
235,235,General Physics I,ku002,162650,0.0,0,0,0,0.0,0,Long,0: Not Pass,0: Sampling
236,236,General Physics I,ku002,162658,0.0,0,0,0,0.0,0,Long,0: Not Pass,0: Sampling
237,237,General Physics I,ku002,162655,0.18,0,0,0,0.27,2,Long,0: Not Pass,2: Targeting
238,238,General Physics I,ku002,162652,0.18,0,0,0,0.27,2,Long,0: Not Pass,2: Targeting
239,239,General Physics I,ku002,162662,0.0,0,0,0,0.0,0,Long,0: Not Pass,0: Sampling
240,240,General Physics I,ku002,162671,0.18,0,0,0,0.27,2,Long,0: Not Pass,2: Targeting
241,241,General Physics I,ku002,162661,0.0,0,0,0,0.0,0,Long,0: Not Pass,0: Sampling
242,242,General Physics I,ku002,162637,0.0,0,0,0,0.0,0,Long,0: Not Pass,0: Sampling
243,243,General Physics I,ku002,162674,0.0,0,0,0,0.0,0,Long,0: Not Pass,0: Sampling
244,244,General Physics I,ku002,162643,0.0,0,0,0,0.0,0,Long,0: Not Pass,0: Sampling
245,245,General Physics I,ku002,162677,0.18,0,0,0,0.27,2,Long,0: Not Pass,2: Targeting
246,246,General Physics I,ku002,162680,0.18,0,0,0,0.27,2,Long,0: Not Pass,2: Targeting
247,247,General Physics I,ku002,162683,0.17,0,0,0,0.27,2,Long,0: Not Pass,2: Targeting
248,248,General Physics I,ku002,162688,0.0,0,0,0,0.0,0,Long,0: Not Pass,0: Sampling
249,249,General Physics I,ku002,162689,0.04,0,0,0,0.07,0,Long,0: Not Pass,0: Sampling
250,250,General Physics I,ku002,162716,0.15,0,0,0,0.27,2,Long,0: Not Pass,2: Targeting
251,251,General Physics I,ku002,162718,0.0,0,0,0,0.0,0,Long,0: Not Pass,0: Sampling
252,252,General Physics I,ku002,162319,0.16,0,0,0,0.27,2,Long,0: Not Pass,2: Targeting
253,253,General Physics I,ku002,162740,0.2,0,0,0,0.33,2,Long,0: Not Pass,2: Targeting
254,254,General Physics I,ku002,162748,0.0,0,0,0,0.0,0,Long,0: Not Pass,0: Sampling
255,255,General Physics I,ku002,162752,0.0,0,0,0,0.0,0,Long,0: Not Pass,0: Sampling
256,256,General Physics I,ku002,162776,0.0,0,0,0,0.0,0,Long,0: Not Pass,0: Sampling
257,257,General Physics I,ku002,162743,0.0,0,0,0,0.0,0,Long,0: Not Pass,0: Sampling
258,258,General Physics I,ku002,162542,0.09,0,0,0,0.13,0,Long,0: Not Pass,0: Sampling
259,259,General Physics I,ku002,162701,0.18,0,0,0,0.27,2,Long,0: Not Pass,2: Targeting
260,260,General Physics I,ku002,162823,0.0,0,0,0,0.0,0,Long,0: Not Pass,0: Sampling
261,261,General Physics I,ku002,162829,0.0,0,0,0,0.0,0,Long,0: Not Pass,0: Sampling
262,262,General Physics I,ku002,162865,0.5,1,0,1,0.73,1,Long,1: Pass,1: Comprehensive
263,263,General Physics I,ku002,162910,0.03,0,0,0,0.07,0,Long,0: Not Pass,0: Sampling
264,264,General Physics I,ku002,162925,0.0,0,0,0,0.0,0,Long,0: Not Pass,0: Sampling
265,265,General Physics I,ku002,162947,0.2,0,0,0,0.33,2,Long,0: Not Pass,2: Targeting
266,266,General Physics I,ku002,91704,0.0,0,0,0,0.0,0,Long,0: Not Pass,0: Sampling
267,267,General Physics I,ku002,162952,0.0,0,0,0,0.0,0,Long,0: Not Pass,0: Sampling
268,268,General Physics I,ku002,162964,0.04,0,0,0,0.07,0,Long,0: Not Pass,0: Sampling
269,269,General Physics I,ku002,162613,0.6,1,0,1,0.93,1,Long,1: Pass,1: Comprehensive
270,270,General Physics I,ku002,162983,0.0,0,0,0,0.0,0,Long,0: Not Pass,0: Sampling
271,271,General Physics I,ku002,162989,0.0,0,0,0,0.0,0,Long,0: Not Pass,0: Sampling
272,272,General Physics I,ku002,163102,0.0,0,0,0,0.0,0,Long,0: Not Pass,0: Sampling
273,273,General Physics I,ku002,163135,0.16,0,0,0,0.33,2,Long,0: Not Pass,2: Targeting
274,274,General Physics I,ku002,163175,0.0,0,0,0,0.07,0,Long,0: Not Pass,0: Sampling
275,275,General Physics I,ku002,163265,0.17,0,0,0,0.27,2,Long,0: Not Pass,2: Targeting
276,276,General Physics I,ku002,163294,0.0,0,0,0,0.0,0,Long,0: Not Pass,0: Sampling
277,277,General Physics I,ku002,163298,0.0,0,0,0,0.0,0,Long,0: Not Pass,0: Sampling
278,278,General Physics I,ku002,163142,0.13,0,0,0,0.27,2,Long,0: Not Pass,2: Targeting
279,279,General Physics I,ku002,163331,0.0,0,0,0,0.0,0,Long,0: Not Pass,0: Sampling
280,280,General Physics I,ku002,162427,0.0,0,0,0,0.0,0,Long,0: Not Pass,0: Sampling
281,281,General Physics I,ku002,153902,0.18,0,0,0,0.33,2,Long,0: Not Pass,2: Targeting
282,282,General Physics I,ku002,163360,0.04,0,0,0,0.07,0,Long,0: Not Pass,0: Sampling
283,283,General Physics I,ku002,163369,0.18,0,0,0,0.27,2,Long,0: Not Pass,2: Targeting
284,284,General Physics I,ku002,163372,0.0,0,0,0,0.0,0,Long,0: Not Pass,0: Sampling
285,285,General Physics I,ku002,163366,0.17,0,0,0,0.33,2,Long,0: Not Pass,2: Targeting
286,286,General Physics I,ku002,162694,0.0,0,0,0,0.0,0,Long,0: Not Pass,0: Sampling
287,287,General Physics I,ku002,162340,0.0,0,0,0,0.0,0,Long,0: Not Pass,0: Sampling
288,288,General Physics I,ku002,163493,0.0,0,0,0,0.0,0,Long,0: Not Pass,0: Sampling
289,289,General Physics I,ku002,163495,0.17,0,0,0,0.33,2,Long,0: Not Pass,2: Targeting
290,290,General Physics I,ku002,163529,0.0,0,0,0,0.0,0,Long,0: Not Pass,0: Sampling
291,291,General Physics I,ku002,163541,0.0,0,0,0,0.0,0,Long,0: Not Pass,0: Sampling
292,292,General Physics I,ku002,163540,0.0,0,0,0,0.0,0,Long,0: Not Pass,0: Sampling
293,293,General Physics I,ku002,163552,0.14,0,0,0,0.27,2,Long,0: Not Pass,2: Targeting
294,294,General Physics I,ku002,163549,0.13,0,0,0,0.27,2,Long,0: Not Pass,2: Targeting
295,295,General Physics I,ku002,163559,0.22,0,0,0,0.33,2,Long,0: Not Pass,2: Targeting
296,296,General Physics I,ku002,162412,0.19,0,0,0,0.33,2,Long,0: Not Pass,2: Targeting
297,297,General Physics I,ku002,163571,0.16,0,0,0,0.27,2,Long,0: Not Pass,2: Targeting
298,298,General Physics I,ku002,162335,0.18,0,0,0,0.33,2,Long,0: Not Pass,2: Targeting
299,299,General Physics I,ku002,163606,0.0,0,0,0,0.0,0,Long,0: Not Pass,0: Sampling
300,300,General Physics I,ku002,162634,0.17,0,0,0,0.33,2,Long,0: Not Pass,2: Targeting
301,301,General Physics I,ku002,162587,0.6,1,0,1,1.0,1,Long,1: Pass,1: Comprehensive
302,302,General Physics I,ku002,163681,0.16,0,0,0,0.27,2,Long,0: Not Pass,2: Targeting
303,303,General Physics I,ku002,163678,0.4,0,0,0,0.4,2,Long,0: Not Pass,2: Targeting
304,304,General Physics I,ku002,163693,0.0,0,0,0,0.0,0,Long,0: Not Pass,0: Sampling
305,305,General Physics I,ku002,162592,0.62,1,0,1,0.93,1,Long,1: Pass,1: Comprehensive
306,306,General Physics I,ku002,163801,0.14,0,0,0,0.27,2,Long,0: Not Pass,2: Targeting
307,307,General Physics I,ku002,163823,0.11,0,0,0,0.2,0,Long,0: Not Pass,0: Sampling
308,308,General Physics I,ku002,163852,0.0,0,0,0,0.0,0,Long,0: Not Pass,0: Sampling
309,309,General Physics I,ku002,163853,0.04,0,0,0,0.07,0,Long,0: Not Pass,0: Sampling
310,310,General Physics I,ku002,163864,0.0,0,0,0,0.0,0,Long,0: Not Pass,0: Sampling
311,311,General Physics I,ku002,163876,0.16,0,0,0,0.27,2,Long,0: Not Pass,2: Targeting
312,312,General Physics I,ku002,162601,0.0,0,0,0,0.0,0,Long,0: Not Pass,0: Sampling
313,313,General Physics I,ku002,163913,0.21,0,0,0,0.4,2,Long,0: Not Pass,2: Targeting
314,314,General Physics I,ku002,163919,0.0,0,0,0,0.0,0,Long,0: Not Pass,0: Sampling
315,315,General Physics I,ku002,163921,0.0,0,0,0,0.0,0,Long,0: Not Pass,0: Sampling
316,316,General Physics I,ku002,163952,0.0,0,0,0,0.0,0,Long,0: Not Pass,0: Sampling
317,317,General Physics I,ku002,164030,0.38,0,0,0,0.33,2,Long,0: Not Pass,2: Targeting
318,318,General Physics I,ku002,164041,0.0,0,0,0,0.0,0,Long,0: Not Pass,0: Sampling
319,319,General Physics I,ku002,162599,0.17,0,0,0,0.27,2,Long,0: Not Pass,2: Targeting
320,320,General Physics I,ku002,162623,0.0,0,0,0,0.0,0,Long,0: Not Pass,0: Sampling
321,321,General Physics I,ku002,164053,0.16,0,0,0,0.27,2,Long,0: Not Pass,2: Targeting
322,322,General Physics I,ku002,161425,0.0,0,0,0,0.0,0,Long,0: Not Pass,0: Sampling
323,323,General Physics I,ku002,163553,0.0,0,0,0,0.0,0,Long,0: Not Pass,0: Sampling
324,324,General Physics I,ku002,164113,0.14,0,0,0,0.2,2,Long,0: Not Pass,2: Targeting
325,325,General Physics I,ku002,164114,0.0,0,0,0,0.0,0,Long,0: Not Pass,0: Sampling
326,326,General Physics I,ku002,164116,0.0,0,0,0,0.0,0,Long,0: Not Pass,0: Sampling
327,327,General Physics I,ku002,164119,0.0,0,0,0,0.0,0,Long,0: Not Pass,0: Sampling
328,328,General Physics I,ku002,164125,0.15,0,0,0,0.27,2,Long,0: Not Pass,2: Targeting
329,329,General Physics I,ku002,164123,0.17,0,0,0,0.27,2,Long,0: Not Pass,2: Targeting
330,330,General Physics I,ku002,164137,0.17,0,0,0,0.27,2,Long,0: Not Pass,2: Targeting
331,331,General Physics I,ku002,163999,0.0,0,0,0,0.0,0,Long,0: Not Pass,0: Sampling
332,332,General Physics I,ku002,164149,0.0,0,0,0,0.0,0,Long,0: Not Pass,0: Sampling
333,333,General Physics I,ku002,162394,0.16,0,0,0,0.33,2,Long,0: Not Pass,2: Targeting
334,334,General Physics I,ku002,164168,0.16,0,0,0,0.27,2,Long,0: Not Pass,2: Targeting
335,335,General Physics I,ku002,164171,0.18,0,0,0,0.27,2,Long,0: Not Pass,2: Targeting
336,336,General Physics I,ku002,164182,0.0,0,0,0,0.0,0,Long,0: Not Pass,0: Sampling
337,337,General Physics I,ku002,164185,0.0,0,0,0,0.0,0,Long,0: Not Pass,0: Sampling
338,338,General Physics I,ku002,164188,0.04,0,0,0,0.13,0,Long,0: Not Pass,0: Sampling
339,339,General Physics I,ku002,164192,0.1,0,0,0,0.33,2,Long,0: Not Pass,2: Targeting
340,340,General Physics I,ku002,162619,0.0,0,0,0,0.0,0,Long,0: Not Pass,0: Sampling
341,341,General Physics I,ku002,164269,0.15,0,0,0,0.27,2,Long,0: Not Pass,2: Targeting
342,342,General Physics I,ku002,164284,0.0,0,0,0,0.0,0,Long,0: Not Pass,0: Sampling
343,343,General Physics I,ku002,164363,0.0,0,0,0,0.0,0,Long,0: Not Pass,0: Sampling
344,344,General Physics I,ku002,41466,0.0,0,0,0,0.0,0,Long,0: Not Pass,0: Sampling
345,345,General Physics I,ku002,164449,0.0,0,0,0,0.0,0,Long,0: Not Pass,0: Sampling
346,346,General Physics I,ku002,164452,0.0,0,0,0,0.0,0,Long,0: Not Pass,0: Sampling
347,347,General Physics I,ku002,162355,0.11,0,0,0,0.2,0,Long,0: Not Pass,0: Sampling
348,348,General Physics I,ku002,164479,0.0,0,0,0,0.0,0,Long,0: Not Pass,0: Sampling
349,349,General Physics I,ku002,164483,0.0,0,0,0,0.0,0,Long,0: Not Pass,0: Sampling
350,350,General Physics I,ku002,164521,0.18,0,0,0,0.27,2,Long,0: Not Pass,2: Targeting
351,351,General Physics I,ku002,162859,0.95,1,1,1,1.0,1,Long,1: Pass,1: Comprehensive
352,352,General Physics I,ku002,164569,0.15,0,0,0,0.27,2,Long,0: Not Pass,2: Targeting
353,353,General Physics I,ku002,164620,0.16,0,0,0,0.27,2,Long,0: Not Pass,2: Targeting
354,354,General Physics I,ku002,164654,0.16,0,0,0,0.27,2,Long,0: Not Pass,2: Targeting
355,355,General Physics I,ku002,164657,0.12,0,0,0,0.2,0,Long,0: Not Pass,0: Sampling
356,356,General Physics I,ku002,164660,0.16,0,0,0,0.27,2,Long,0: Not Pass,2: Targeting
357,357,General Physics I,ku002,164662,0.0,0,0,0,0.0,0,Long,0: Not Pass,0: Sampling
358,358,General Physics I,ku002,164675,0.0,0,0,0,0.0,0,Long,0: Not Pass,0: Sampling
359,359,General Physics I,ku002,164681,0.0,0,0,0,0.0,0,Long,0: Not Pass,0: Sampling
360,360,General Physics I,ku002,163111,0.32,0,0,0,0.47,2,Long,0: Not Pass,2: Targeting
361,361,General Physics I,ku002,164692,0.14,0,0,0,0.27,2,Long,0: Not Pass,2: Targeting
362,362,General Physics I,ku002,164645,0.17,0,0,0,0.27,2,Long,0: Not Pass,2: Targeting
363,363,General Physics I,ku002,164701,0.04,0,0,0,0.07,0,Long,0: Not Pass,0: Sampling
364,364,General Physics I,ku002,164683,0.0,0,0,0,0.0,0,Long,0: Not Pass,0: Sampling
365,365,General Physics I,ku002,164731,0.14,0,0,0,0.33,2,Long,0: Not Pass,2: Targeting
366,366,General Physics I,ku002,164734,0.0,0,0,0,0.0,0,Long,0: Not Pass,0: Sampling
367,367,General Physics I,ku002,164750,0.14,0,0,0,0.27,2,Long,0: Not Pass,2: Targeting
368,368,General Physics I,ku002,164677,0.0,0,0,0,0.0,0,Long,0: Not Pass,0: Sampling
369,369,General Physics I,ku002,164771,0.0,0,0,0,0.0,0,Long,0: Not Pass,0: Sampling
370,370,General Physics I,ku002,162566,0.0,0,0,0,0.0,0,Long,0: Not Pass,0: Sampling
371,371,General Physics I,ku002,164807,0.0,0,0,0,0.0,0,Long,0: Not Pass,0: Sampling
372,372,General Physics I,ku002,164810,0.0,0,0,0,0.0,0,Long,0: Not Pass,0: Sampling
373,373,General Physics I,ku002,164815,0.0,0,0,0,0.0,0,Long,0: Not Pass,0: Sampling
374,374,General Physics I,ku002,164824,0.0,0,0,0,0.0,0,Long,0: Not Pass,0: Sampling
375,375,General Physics I,ku002,164830,0.0,0,0,0,0.0,0,Long,0: Not Pass,0: Sampling
376,376,General Physics I,ku002,164818,0.0,0,0,0,0.0,0,Long,0: Not Pass,0: Sampling
377,377,General Physics I,ku002,164345,0.0,0,0,0,0.0,0,Long,0: Not Pass,0: Sampling
378,378,General Physics I,ku002,162583,0.08,0,0,0,0.2,0,Long,0: Not Pass,0: Sampling
379,379,General Physics I,ku002,162646,0.08,0,0,0,0.2,0,Long,0: Not Pass,0: Sampling
380,380,General Physics I,ku002,75717,0.0,0,0,0,0.0,0,Long,0: Not Pass,0: Sampling
381,381,General Physics I,ku002,162665,0.17,0,0,0,0.27,2,Long,0: Not Pass,2: Targeting
382,382,General Physics I,ku002,164942,0.13,0,0,0,0.27,2,Long,0: Not Pass,2: Targeting
383,383,General Physics I,ku002,164944,0.03,0,0,0,0.07,0,Long,0: Not Pass,0: Sampling
384,384,General Physics I,ku002,164954,0.04,0,0,0,0.07,0,Long,0: Not Pass,0: Sampling
385,385,General Physics I,ku002,164716,0.13,0,0,0,0.2,0,Long,0: Not Pass,0: Sampling
386,386,General Physics I,ku002,165005,0.0,0,0,0,0.0,0,Long,0: Not Pass,0: Sampling
387,387,General Physics I,ku002,164975,0.0,0,0,0,0.0,0,Long,0: Not Pass,0: Sampling
388,388,General Physics I,ku002,162305,0.14,0,0,0,0.27,2,Long,0: Not Pass,2: Targeting
389,389,General Physics I,ku002,165014,0.0,0,0,0,0.0,0,Long,0: Not Pass,0: Sampling
390,390,General Physics I,ku002,165023,0.0,0,0,0,0.0,0,Long,0: Not Pass,0: Sampling
391,391,General Physics I,ku002,165028,0.0,0,0,0,0.0,0,Long,0: Not Pass,0: Sampling
392,392,General Physics I,ku002,162299,0.4,0,0,0,0.4,2,Long,0: Not Pass,2: Targeting
393,393,General Physics I,ku002,165031,0.0,0,0,0,0.0,0,Long,0: Not Pass,0: Sampling
394,394,General Physics I,ku002,165034,0.0,0,0,0,0.0,0,Long,0: Not Pass,0: Sampling
395,395,General Physics I,ku002,165046,0.14,0,0,0,0.2,2,Long,0: Not Pass,2: Targeting
396,396,General Physics I,ku002,165049,0.17,0,0,0,0.27,2,Long,0: Not Pass,2: Targeting
397,397,General Physics I,ku002,165059,0.15,0,0,0,0.27,2,Long,0: Not Pass,2: Targeting
398,398,General Physics I,ku002,164782,0.17,0,0,0,0.27,2,Long,0: Not Pass,2: Targeting
399,399,General Physics I,ku002,165073,0.04,0,0,0,0.07,0,Long,0: Not Pass,0: Sampling
400,400,General Physics I,ku002,165050,0.0,0,0,0,0.0,0,Long,0: Not Pass,0: Sampling
401,401,General Physics I,ku002,165097,0.05,0,0,0,0.07,0,Long,0: Not Pass,0: Sampling
402,402,General Physics I,ku002,165100,0.14,0,0,0,0.27,2,Long,0: Not Pass,2: Targeting
403,403,General Physics I,ku002,165101,0.15,0,0,0,0.27,2,Long,0: Not Pass,2: Targeting
404,404,General Physics I,ku002,152811,0.16,0,0,0,0.27,2,Long,0: Not Pass,2: Targeting
405,405,General Physics I,ku002,165109,0.0,0,0,0,0.0,0,Long,0: Not Pass,0: Sampling
406,406,General Physics I,ku002,165113,0.0,0,0,0,0.0,0,Long,0: Not Pass,0: Sampling
407,407,General Physics I,ku002,165115,0.0,0,0,0,0.2,0,Long,0: Not Pass,0: Sampling
408,408,General Physics I,ku002,165124,0.0,0,0,0,0.0,0,Long,0: Not Pass,0: Sampling
409,409,General Physics I,ku002,165136,0.0,0,0,0,0.0,0,Long,0: Not Pass,0: Sampling
410,410,General Physics I,ku002,165146,0.14,0,0,0,0.27,2,Long,0: Not Pass,2: Targeting
411,411,General Physics I,ku002,165149,0.0,0,0,0,0.0,0,Long,0: Not Pass,0: Sampling
412,412,General Physics I,ku002,165160,0.18,0,0,0,0.27,2,Long,0: Not Pass,2: Targeting
413,413,General Physics I,ku002,165173,0.0,0,0,0,0.0,0,Long,0: Not Pass,0: Sampling
414,414,General Physics I,ku002,165218,0.0,0,0,0,0.0,0,Long,0: Not Pass,0: Sampling
415,415,General Physics I,ku002,165247,0.0,0,0,0,0.0,0,Long,0: Not Pass,0: Sampling
416,416,General Physics I,ku002,165241,0.14,0,0,0,0.27,2,Long,0: Not Pass,2: Targeting
417,417,General Physics I,ku002,165239,0.16,0,0,0,0.27,2,Long,0: Not Pass,2: Targeting
418,418,General Physics I,ku002,165256,0.0,0,0,0,0.0,0,Long,0: Not Pass,0: Sampling
419,419,General Physics I,ku002,164713,0.0,0,0,0,0.0,0,Long,0: Not Pass,0: Sampling
420,420,General Physics I,ku002,165308,0.15,0,0,0,0.27,2,Long,0: Not Pass,2: Targeting
421,421,General Physics I,ku002,165383,0.0,0,0,0,0.0,0,Long,0: Not Pass,0: Sampling
422,422,General Physics I,ku002,162512,0.0,0,0,0,0.0,0,Long,0: Not Pass,0: Sampling
423,423,General Physics I,ku002,162362,0.16,0,0,0,0.27,2,Long,0: Not Pass,2: Targeting
424,424,General Physics I,ku002,165554,0.18,0,0,0,0.27,2,Long,0: Not Pass,2: Targeting
425,425,General Physics I,ku002,165559,0.14,0,0,0,0.27,2,Long,0: Not Pass,2: Targeting
426,426,General Physics I,ku002,165563,0.0,0,0,0,0.0,0,Long,0: Not Pass,0: Sampling
427,427,General Physics I,ku002,162341,0.01,0,0,0,0.07,0,Long,0: Not Pass,0: Sampling
428,428,General Physics I,ku002,160985,0.0,0,0,0,0.0,0,Long,0: Not Pass,0: Sampling
429,429,General Physics I,ku002,165590,0.0,0,0,0,0.0,0,Long,0: Not Pass,0: Sampling
430,430,General Physics I,ku002,165611,0.22,0,0,0,0.33,2,Long,0: Not Pass,2: Targeting
431,431,General Physics I,ku002,164678,0.0,0,0,0,0.0,0,Long,0: Not Pass,0: Sampling
432,432,General Physics I,ku002,165013,0.08,0,0,0,0.13,0,Long,0: Not Pass,0: Sampling
433,433,General Physics I,ku002,165305,0.09,0,0,0,0.13,0,Long,0: Not Pass,0: Sampling
434,434,General Physics I,ku002,165689,0.0,0,0,0,0.0,0,Long,0: Not Pass,0: Sampling
435,435,General Physics I,ku002,165724,0.0,0,0,0,0.0,0,Long,0: Not Pass,0: Sampling
436,436,General Physics I,ku002,165727,0.0,0,0,0,0.0,0,Long,0: Not Pass,0: Sampling
437,437,General Physics I,ku002,165779,0.0,0,0,0,0.0,0,Long,0: Not Pass,0: Sampling
438,438,General Physics I,ku002,106826,0.0,0,0,0,0.0,0,Long,0: Not Pass,0: Sampling
439,439,General Physics I,ku002,165785,0.0,0,0,0,0.07,0,Long,0: Not Pass,0: Sampling
440,440,General Physics I,ku002,164816,0.17,0,0,0,0.27,2,Long,0: Not Pass,2: Targeting
441,441,General Physics I,ku002,165827,0.0,0,0,0,0.0,0,Long,0: Not Pass,0: Sampling
442,442,General Physics I,ku002,165850,0.58,1,1,1,0.53,2,Long,1: Pass,2: Targeting
443,443,General Physics I,ku002,165857,0.22,0,0,0,0.4,2,Long,0: Not Pass,2: Targeting
444,444,General Physics I,ku002,166235,0.0,0,0,0,0.0,0,Long,0: Not Pass,0: Sampling
445,445,General Physics I,ku002,166229,0.0,0,0,0,0.0,0,Long,0: Not Pass,0: Sampling
446,446,General Physics I,ku002,166274,0.15,0,0,0,0.27,2,Long,0: Not Pass,2: Targeting
447,447,General Physics I,ku002,166276,0.14,0,0,0,0.27,2,Long,0: Not Pass,2: Targeting
448,448,General Physics I,ku002,165760,0.17,0,0,0,0.27,2,Long,0: Not Pass,2: Targeting
449,449,General Physics I,ku002,162518,0.13,0,0,0,0.33,2,Long,0: Not Pass,2: Targeting
450,450,General Physics I,ku002,166502,0.0,0,0,0,0.0,0,Long,0: Not Pass,0: Sampling
451,451,General Physics I,ku002,166573,0.15,0,0,0,0.27,2,Long,0: Not Pass,2: Targeting
452,452,General Physics I,ku002,166589,0.03,0,0,0,0.07,0,Long,0: Not Pass,0: Sampling
453,453,General Physics I,ku002,166597,0.0,0,0,0,0.0,0,Long,0: Not Pass,0: Sampling
454,454,General Physics I,ku002,166600,0.0,0,0,0,0.0,0,Long,0: Not Pass,0: Sampling
455,455,General Physics I,ku002,166603,0.0,0,0,0,0.0,0,Long,0: Not Pass,0: Sampling
456,456,General Physics I,ku002,166604,0.15,0,0,0,0.27,2,Long,0: Not Pass,2: Targeting
457,457,General Physics I,ku002,166619,0.0,0,0,0,0.0,0,Long,0: Not Pass,0: Sampling
458,458,General Physics I,ku002,164050,0.0,0,0,0,0.0,0,Long,0: Not Pass,0: Sampling
459,459,General Physics I,ku002,122096,0.0,0,0,0,0.0,0,Long,0: Not Pass,0: Sampling
460,460,General Physics I,ku002,166754,0.17,0,0,0,0.27,2,Long,0: Not Pass,2: Targeting
461,461,General Physics I,ku002,166751,0.18,0,0,0,0.27,2,Long,0: Not Pass,2: Targeting
462,462,General Physics I,ku002,166769,0.18,0,0,0,0.27,2,Long,0: Not Pass,2: Targeting
463,463,General Physics I,ku002,166757,0.17,0,0,0,0.27,2,Long,0: Not Pass,2: Targeting
464,464,General Physics I,ku002,166789,0.0,0,0,0,0.0,0,Long,0: Not Pass,0: Sampling
465,465,General Physics I,ku002,166802,0.14,0,0,0,0.27,2,Long,0: Not Pass,2: Targeting
466,466,General Physics I,ku002,162281,0.05,0,0,0,0.07,0,Long,0: Not Pass,0: Sampling
467,467,General Physics I,ku002,166814,0.05,0,0,0,0.07,0,Long,0: Not Pass,0: Sampling
468,468,General Physics I,ku002,166840,0.12,0,0,0,0.27,2,Long,0: Not Pass,2: Targeting
469,469,General Physics I,ku002,166844,0.0,0,0,0,0.0,0,Long,0: Not Pass,0: Sampling
470,470,General Physics I,ku002,166859,0.0,0,0,0,0.0,0,Long,0: Not Pass,0: Sampling
471,471,General Physics I,ku002,166861,0.07,0,0,0,0.13,0,Long,0: Not Pass,0: Sampling
472,472,General Physics I,ku002,166874,0.0,0,0,0,0.0,0,Long,0: Not Pass,0: Sampling
473,473,General Physics I,ku002,165145,0.0,0,0,0,0.0,0,Long,0: Not Pass,0: Sampling
474,474,General Physics I,ku002,166954,0.0,0,0,0,0.0,0,Long,0: Not Pass,0: Sampling
475,475,General Physics I,ku002,166960,0.23,0,0,0,0.33,2,Long,0: Not Pass,2: Targeting
476,476,General Physics I,ku002,160934,0.14,0,0,0,0.2,2,Long,0: Not Pass,2: Targeting
477,477,General Physics I,ku002,166907,0.0,0,0,0,0.0,0,Long,0: Not Pass,0: Sampling
478,478,General Physics I,ku002,167009,0.18,0,0,0,0.27,2,Long,0: Not Pass,2: Targeting
479,479,General Physics I,ku002,162626,0.19,0,0,0,0.33,2,Long,0: Not Pass,2: Targeting
480,480,General Physics I,ku002,167077,0.18,0,0,0,0.27,2,Long,0: Not Pass,2: Targeting
481,481,General Physics I,ku002,167102,0.18,0,0,0,0.27,2,Long,0: Not Pass,2: Targeting
482,482,General Physics I,ku002,167144,0.18,0,0,0,0.27,2,Long,0: Not Pass,2: Targeting
483,483,General Physics I,ku002,165128,0.0,0,0,0,0.0,0,Long,0: Not Pass,0: Sampling
484,484,General Physics I,ku002,167092,0.0,0,0,0,0.0,0,Long,0: Not Pass,0: Sampling
485,485,General Physics I,ku002,167255,0.0,0,0,0,0.0,0,Long,0: Not Pass,0: Sampling
486,486,General Physics I,ku002,165682,0.0,0,0,0,0.0,0,Long,0: Not Pass,0: Sampling
487,487,General Physics I,ku002,165011,0.0,0,0,0,0.0,0,Long,0: Not Pass,0: Sampling
488,488,General Physics I,ku002,162376,0.1,0,0,0,0.2,0,Long,0: Not Pass,0: Sampling
489,489,General Physics I,ku002,167714,0.17,0,0,0,0.27,2,Long,0: Not Pass,2: Targeting
490,490,General Physics I,ku002,167267,0.0,0,0,0,0.0,0,Long,0: Not Pass,0: Sampling
491,491,General Physics I,ku002,167717,0.14,0,0,0,0.27,2,Long,0: Not Pass,2: Targeting
492,492,General Physics I,ku002,167729,0.0,0,0,0,0.0,0,Long,0: Not Pass,0: Sampling
493,493,General Physics I,ku002,167734,0.0,0,0,0,0.0,0,Long,0: Not Pass,0: Sampling
494,494,General Physics I,ku002,156558,0.0,0,0,0,0.0,0,Long,0: Not Pass,0: Sampling
495,495,General Physics I,ku002,164708,0.21,0,0,0,0.33,2,Long,0: Not Pass,2: Targeting
496,496,General Physics I,ku002,162374,0.18,0,0,0,0.27,2,Long,0: Not Pass,2: Targeting
497,497,General Physics I,ku002,167903,0.02,0,0,0,0.07,0,Long,0: Not Pass,0: Sampling
498,498,General Physics I,ku002,167906,0.03,0,0,0,0.07,0,Long,0: Not Pass,0: Sampling
499,499,General Physics I,ku002,167932,0.04,0,0,0,0.07,0,Long,0: Not Pass,0: Sampling
500,500,General Physics I,ku002,167933,0.0,0,0,0,0.07,0,Long,0: Not Pass,0: Sampling
501,501,General Physics I,ku002,163967,0.0,0,0,0,0.0,0,Long,0: Not Pass,0: Sampling
502,502,General Physics I,ku002,162820,0.17,0,0,0,0.27,2,Long,0: Not Pass,2: Targeting
503,503,General Physics I,ku002,167975,0.0,0,0,0,0.0,0,Long,0: Not Pass,0: Sampling
504,504,General Physics I,ku002,167983,0.0,0,0,0,0.0,0,Long,0: Not Pass,0: Sampling
505,505,General Physics I,ku002,167986,0.18,0,0,0,0.27,2,Long,0: Not Pass,2: Targeting
506,506,General Physics I,ku002,168005,0.17,0,0,0,0.27,2,Long,0: Not Pass,2: Targeting
507,507,General Physics I,ku002,168014,0.17,0,0,0,0.27,2,Long,0: Not Pass,2: Targeting
508,508,General Physics I,ku002,168017,0.0,0,0,0,0.0,0,Long,0: Not Pass,0: Sampling
509,509,General Physics I,ku002,168019,0.0,0,0,0,0.0,0,Long,0: Not Pass,0: Sampling
510,510,General Physics I,ku002,168034,0.0,0,0,0,0.0,0,Long,0: Not Pass,0: Sampling
511,511,General Physics I,ku002,162347,0.12,0,0,0,0.27,2,Long,0: Not Pass,2: Targeting
512,512,General Physics I,ku002,164161,0.1,0,0,0,0.27,2,Long,0: Not Pass,2: Targeting
513,513,General Physics I,ku002,166928,0.0,0,0,0,0.0,0,Long,0: Not Pass,0: Sampling
514,514,General Physics I,ku002,168077,0.0,0,0,0,0.0,0,Long,0: Not Pass,0: Sampling
515,515,General Physics I,ku002,168070,0.0,0,0,0,0.0,0,Long,0: Not Pass,0: Sampling
516,516,General Physics I,ku002,167750,0.0,0,0,0,0.0,0,Long,0: Not Pass,0: Sampling
517,517,General Physics I,ku002,156450,0.0,0,0,0,0.0,0,Long,0: Not Pass,0: Sampling
518,518,General Physics I,ku002,162590,0.18,0,0,0,0.27,2,Long,0: Not Pass,2: Targeting
519,519,General Physics I,ku002,168086,0.0,0,0,0,0.0,0,Long,0: Not Pass,0: Sampling
520,520,General Physics I,ku002,168092,0.0,0,0,0,0.0,0,Long,0: Not Pass,0: Sampling
521,521,General Physics I,ku002,168104,0.17,0,0,0,0.27,2,Long,0: Not Pass,2: Targeting
522,522,General Physics I,ku002,168110,0.04,0,0,0,0.07,0,Long,0: Not Pass,0: Sampling
523,523,General Physics I,ku002,162385,0.04,0,0,0,0.07,0,Long,0: Not Pass,0: Sampling
524,524,General Physics I,ku002,168124,0.17,0,0,0,0.27,2,Long,0: Not Pass,2: Targeting
525,525,General Physics I,ku002,168133,0.14,0,0,0,0.27,2,Long,0: Not Pass,2: Targeting
526,526,General Physics I,ku002,164582,0.0,0,0,0,0.0,0,Long,0: Not Pass,0: Sampling
527,527,General Physics I,ku002,168190,0.0,0,0,0,0.0,0,Long,0: Not Pass,0: Sampling
528,528,General Physics I,ku002,168197,0.0,0,0,0,0.0,0,Long,0: Not Pass,0: Sampling
529,529,General Physics I,ku002,163034,0.15,0,0,0,0.27,2,Long,0: Not Pass,2: Targeting
530,530,General Physics I,ku002,162919,0.18,0,0,0,0.27,2,Long,0: Not Pass,2: Targeting
531,531,General Physics I,ku002,168220,0.0,0,0,0,0.0,0,Long,0: Not Pass,0: Sampling
532,532,General Physics I,ku002,168227,0.0,0,0,0,0.0,0,Long,0: Not Pass,0: Sampling
533,533,General Physics I,ku002,118522,0.0,0,0,0,0.0,0,Long,0: Not Pass,0: Sampling
534,534,General Physics I,ku002,168229,0.0,0,0,0,0.0,0,Long,0: Not Pass,0: Sampling
535,535,General Physics I,ku002,167725,0.17,0,0,0,0.27,2,Long,0: Not Pass,2: Targeting
536,536,General Physics I,ku002,168232,0.18,0,0,0,0.27,2,Long,0: Not Pass,2: Targeting
537,537,General Physics I,ku002,168235,0.15,0,0,0,0.27,2,Long,0: Not Pass,2: Targeting
538,538,General Physics I,ku002,168238,0.06,0,0,0,0.13,0,Long,0: Not Pass,0: Sampling
539,539,General Physics I,ku002,168244,0.15,0,0,0,0.27,2,Long,0: Not Pass,2: Targeting
540,540,General Physics I,ku002,168103,0.69,1,1,1,0.6,1,Long,1: Pass,1: Comprehensive
541,541,General Physics I,ku002,66668,0.0,0,0,0,0.0,0,Long,0: Not Pass,0: Sampling
542,542,General Physics I,ku002,162391,0.0,0,0,0,0.0,0,Long,0: Not Pass,0: Sampling
543,543,General Physics I,ku002,168380,0.0,0,0,0,0.0,0,Long,0: Not Pass,0: Sampling
544,544,General Physics I,ku002,168383,0.0,0,0,0,0.07,0,Long,0: Not Pass,0: Sampling
545,545,General Physics I,ku002,168385,0.17,0,0,0,0.27,2,Long,0: Not Pass,2: Targeting
546,546,General Physics I,ku002,144045,0.0,0,0,0,0.0,0,Long,0: Not Pass,0: Sampling
547,547,General Physics I,ku002,168454,0.13,0,0,0,0.27,2,Long,0: Not Pass,2: Targeting
548,548,General Physics I,ku002,162668,0.13,0,0,0,0.2,0,Long,0: Not Pass,0: Sampling
549,549,General Physics I,ku002,168485,0.06,0,0,0,0.13,0,Long,0: Not Pass,0: Sampling
550,550,General Physics I,ku002,168494,0.0,0,0,0,0.0,0,Long,0: Not Pass,0: Sampling
551,551,General Physics I,ku002,168506,0.0,0,0,0,0.07,0,Long,0: Not Pass,0: Sampling
552,552,General Physics I,ku002,168511,0.12,0,0,0,0.27,2,Long,0: Not Pass,2: Targeting
553,553,General Physics I,ku002,168514,0.16,0,0,0,0.27,2,Long,0: Not Pass,2: Targeting
554,554,General Physics I,ku002,168521,0.0,0,0,0,0.0,0,Long,0: Not Pass,0: Sampling
555,555,General Physics I,ku002,168526,0.05,0,0,0,0.07,0,Long,0: Not Pass,0: Sampling
556,556,General Physics I,ku002,162610,0.16,0,0,0,0.27,2,Long,0: Not Pass,2: Targeting
557,557,General Physics I,ku002,168530,0.15,0,0,0,0.33,2,Long,0: Not Pass,2: Targeting
558,558,General Physics I,ku002,168548,0.0,0,0,0,0.0,0,Long,0: Not Pass,0: Sampling
559,559,General Physics I,ku002,2211,0.0,0,0,0,0.0,0,Long,0: Not Pass,0: Sampling
560,560,General Chemistry,ku003,1472,0.0,0,0,0,0.0,0,Long,0: Not Pass,0: Sampling
561,561,General Chemistry,ku003,127019,0.0,0,0,0,0.0,0,Long,0: Not Pass,0: Sampling
562,562,General Chemistry,ku003,142567,0.01,0,0,0,0.03,0,Long,0: Not Pass,0: Sampling
563,563,General Chemistry,ku003,142572,0.0,0,0,0,0.0,0,Long,0: Not Pass,0: Sampling
564,564,General Chemistry,ku003,135298,0.0,0,0,0,0.0,0,Long,0: Not Pass,0: Sampling
565,565,General Chemistry,ku003,142599,0.0,0,0,0,0.0,0,Long,0: Not Pass,0: Sampling
566,566,General Chemistry,ku003,135666,0.0,0,0,0,0.0,0,Long,0: Not Pass,0: Sampling
567,567,General Chemistry,ku003,126574,0.0,0,0,0,0.0,0,Long,0: Not Pass,0: Sampling
568,568,General Chemistry,ku003,142422,0.0,0,0,0,0.0,0,Long,0: Not Pass,0: Sampling
569,569,General Chemistry,ku003,124696,0.0,0,0,0,0.0,0,Long,0: Not Pass,0: Sampling
570,570,General Chemistry,ku003,131253,0.0,0,0,0,0.0,0,Long,0: Not Pass,0: Sampling
571,571,General Chemistry,ku003,82193,0.0,0,0,0,0.0,0,Long,0: Not Pass,0: Sampling
572,572,General Chemistry,ku003,142761,0.0,0,0,0,0.0,0,Long,0: Not Pass,0: Sampling
573,573,General Chemistry,ku003,88492,0.0,0,0,0,0.0,0,Long,0: Not Pass,0: Sampling
574,574,General Chemistry,ku003,142786,0.25,0,0,0,0.53,2,Long,0: Not Pass,2: Targeting
575,575,General Chemistry,ku003,136126,0.87,1,1,1,1.0,1,Long,1: Pass,1: Comprehensive
576,576,General Chemistry,ku003,100981,0.0,0,0,0,0.0,0,Long,0: Not Pass,0: Sampling
577,577,General Chemistry,ku003,124108,0.0,0,0,0,0.0,0,Long,0: Not Pass,0: Sampling
578,578,General Chemistry,ku003,143014,0.0,0,0,0,0.0,0,Long,0: Not Pass,0: Sampling
579,579,General Chemistry,ku003,140218,0.0,0,0,0,0.0,0,Long,0: Not Pass,0: Sampling
580,580,General Chemistry,ku003,124916,0.03,0,0,0,0.09,0,Long,0: Not Pass,0: Sampling
581,581,General Chemistry,ku003,142371,0.0,0,0,0,0.0,0,Long,0: Not Pass,0: Sampling
582,582,General Chemistry,ku003,124291,0.0,0,0,0,0.0,0,Long,0: Not Pass,0: Sampling
583,583,General Chemistry,ku003,143152,0.07,0,0,0,0.15,0,Long,0: Not Pass,0: Sampling
584,584,General Chemistry,ku003,144034,0.01,0,0,0,0.03,0,Long,0: Not Pass,0: Sampling
585,585,General Chemistry,ku003,144196,0.0,0,0,0,0.0,0,Long,0: Not Pass,0: Sampling
586,586,General Chemistry,ku003,52683,0.0,0,0,0,0.0,0,Long,0: Not Pass,0: Sampling
587,587,General Chemistry,ku003,9343,0.0,0,0,0,0.0,0,Long,0: Not Pass,0: Sampling
588,588,General Chemistry,ku003,143148,0.0,0,0,0,0.0,0,Long,0: Not Pass,0: Sampling
589,589,General Chemistry,ku003,144340,0.0,0,0,0,0.0,0,Long,0: Not Pass,0: Sampling
590,590,General Chemistry,ku003,144396,0.01,0,0,0,0.06,0,Long,0: Not Pass,0: Sampling
591,591,General Chemistry,ku003,144432,0.01,0,0,0,0.03,0,Long,0: Not Pass,0: Sampling
592,592,General Chemistry,ku003,132261,0.0,0,0,0,0.0,0,Long,0: Not Pass,0: Sampling
593,593,General Chemistry,ku003,136164,0.0,0,0,0,0.0,0,Long,0: Not Pass,0: Sampling
594,594,General Chemistry,ku003,142794,0.01,0,0,0,0.12,0,Long,0: Not Pass,0: Sampling
595,595,General Chemistry,ku003,22017,0.0,0,0,0,0.0,0,Long,0: Not Pass,0: Sampling
596,596,General Chemistry,ku003,145972,0.29,0,0,0,0.88,2,Long,0: Not Pass,2: Targeting
597,597,General Chemistry,ku003,146100,0.03,0,0,0,0.09,0,Long,0: Not Pass,0: Sampling
598,598,General Chemistry,ku003,125122,0.0,0,0,0,0.0,0,Long,0: Not Pass,0: Sampling
599,599,General Chemistry,ku003,146464,0.0,0,0,0,0.0,0,Long,0: Not Pass,0: Sampling
600,600,General Chemistry,ku003,146554,0.08,0,0,0,0.15,0,Long,0: Not Pass,0: Sampling
601,601,General Chemistry,ku003,2254,0.03,0,0,0,0.06,0,Long,0: Not Pass,0: Sampling
602,602,General Chemistry,ku003,147006,0.0,0,0,0,0.0,0,Long,0: Not Pass,0: Sampling
603,603,General Chemistry,ku003,69603,0.0,0,0,0,0.0,0,Long,0: Not Pass,0: Sampling
604,604,General Chemistry,ku003,147546,0.01,0,0,0,0.03,0,Long,0: Not Pass,0: Sampling
605,605,General Chemistry,ku003,147558,0.0,0,0,0,0.0,0,Long,0: Not Pass,0: Sampling
606,606,General Chemistry,ku003,145389,0.0,0,0,0,0.0,0,Long,0: Not Pass,0: Sampling
607,607,General Chemistry,ku003,106060,0.0,0,0,0,0.0,0,Long,0: Not Pass,0: Sampling
608,608,General Chemistry,ku003,147678,0.03,0,0,0,0.09,0,Long,0: Not Pass,0: Sampling
609,609,General Chemistry,ku003,147702,0.0,0,0,0,0.0,0,Long,0: Not Pass,0: Sampling
610,610,General Chemistry,ku003,146605,0.0,0,0,0,0.0,0,Long,0: Not Pass,0: Sampling
611,611,General Chemistry,ku003,148072,0.0,0,0,0,0.0,0,Long,0: Not Pass,0: Sampling
612,612,General Chemistry,ku003,148497,0.0,0,0,0,0.0,0,Long,0: Not Pass,0: Sampling
613,613,General Chemistry,ku003,148498,0.58,1,1,1,1.0,1,Long,1: Pass,1: Comprehensive
614,614,General Chemistry,ku003,46,0.0,0,0,0,0.0,0,Long,0: Not Pass,0: Sampling
615,615,General Chemistry,ku003,148558,0.01,0,0,0,0.03,0,Long,0: Not Pass,0: Sampling
616,616,General Chemistry,ku003,148546,0.0,0,0,0,0.0,0,Long,0: Not Pass,0: Sampling
617,617,General Chemistry,ku003,148804,0.01,0,0,0,0.03,0,Long,0: Not Pass,0: Sampling
618,618,General Chemistry,ku003,148645,0.0,0,0,0,0.03,0,Long,0: Not Pass,0: Sampling
619,619,General Chemistry,ku003,148191,0.0,0,0,0,0.0,0,Long,0: Not Pass,0: Sampling
620,620,General Chemistry,ku003,146721,0.0,0,0,0,0.0,0,Long,0: Not Pass,0: Sampling
621,621,General Chemistry,ku003,148845,0.02,0,0,0,0.15,0,Long,0: Not Pass,0: Sampling
622,622,General Chemistry,ku003,146733,0.0,0,0,0,0.0,0,Long,0: Not Pass,0: Sampling
623,623,General Chemistry,ku003,148875,0.94,1,0,1,1.0,1,Long,1: Pass,1: Comprehensive
624,624,General Chemistry,ku003,141247,0.0,0,0,0,0.0,0,Long,0: Not Pass,0: Sampling
625,625,General Chemistry,ku003,147691,0.0,0,0,0,0.0,0,Long,0: Not Pass,0: Sampling
626,626,General Chemistry,ku003,148860,0.0,0,0,0,0.0,0,Long,0: Not Pass,0: Sampling
627,627,General Chemistry,ku003,149131,0.02,0,0,0,0.06,0,Long,0: Not Pass,0: Sampling
628,628,General Chemistry,ku003,149217,0.0,0,0,0,0.0,0,Long,0: Not Pass,0: Sampling
629,629,General Chemistry,ku003,149440,0.0,0,0,0,0.0,0,Long,0: Not Pass,0: Sampling
630,630,General Chemistry,ku003,149980,0.0,0,0,0,0.0,0,Long,0: Not Pass,0: Sampling
631,631,General Chemistry,ku003,150009,0.01,0,0,0,0.03,0,Long,0: Not Pass,0: Sampling
632,632,General Chemistry,ku003,5517,0.01,0,0,0,0.03,0,Long,0: Not Pass,0: Sampling
633,633,General Chemistry,ku003,150747,0.0,0,0,0,0.0,0,Long,0: Not Pass,0: Sampling
634,634,General Chemistry,ku003,150565,0.0,0,0,0,0.0,0,Long,0: Not Pass,0: Sampling
635,635,General Chemistry,ku003,151008,0.08,0,0,0,0.18,0,Long,0: Not Pass,0: Sampling
636,636,General Chemistry,ku003,151005,0.07,0,0,0,0.12,0,Long,0: Not Pass,0: Sampling
637,637,General Chemistry,ku003,151014,0.05,0,0,0,0.18,0,Long,0: Not Pass,0: Sampling
638,638,General Chemistry,ku003,3182,0.01,0,0,0,0.06,0,Long,0: Not Pass,0: Sampling
639,639,General Chemistry,ku003,151050,0.09,0,0,0,0.24,2,Long,0: Not Pass,2: Targeting
640,640,General Chemistry,ku003,151068,0.0,0,0,0,0.0,0,Long,0: Not Pass,0: Sampling
641,641,General Chemistry,ku003,148870,0.0,0,0,0,0.0,0,Long,0: Not Pass,0: Sampling
642,642,General Chemistry,ku003,151090,0.01,0,0,0,0.06,0,Long,0: Not Pass,0: Sampling
643,643,General Chemistry,ku003,151275,0.01,0,0,0,0.03,0,Long,0: Not Pass,0: Sampling
644,644,General Chemistry,ku003,151350,0.04,0,0,0,0.15,0,Long,0: Not Pass,0: Sampling
645,645,General Chemistry,ku003,134989,0.0,0,0,0,0.0,0,Long,0: Not Pass,0: Sampling
646,646,General Chemistry,ku003,151380,0.1,0,0,0,0.24,2,Long,0: Not Pass,2: Targeting
647,647,General Chemistry,ku003,151398,0.02,0,0,0,0.09,0,Long,0: Not Pass,0: Sampling
648,648,General Chemistry,ku003,150985,0.0,0,0,0,0.03,0,Long,0: Not Pass,0: Sampling
649,649,General Chemistry,ku003,13575,0.0,0,0,0,0.0,0,Long,0: Not Pass,0: Sampling
650,650,General Chemistry,ku003,151440,0.0,0,0,0,0.0,0,Long,0: Not Pass,0: Sampling
651,651,General Chemistry,ku003,151443,0.1,0,0,0,0.18,0,Long,0: Not Pass,0: Sampling
652,652,General Chemistry,ku003,151473,0.0,0,0,0,0.0,0,Long,0: Not Pass,0: Sampling
653,653,General Chemistry,ku003,151578,0.1,0,0,0,0.24,2,Long,0: Not Pass,2: Targeting
654,654,General Chemistry,ku003,151587,0.01,0,0,0,0.03,0,Long,0: Not Pass,0: Sampling
655,655,General Chemistry,ku003,151596,0.0,0,0,0,0.0,0,Long,0: Not Pass,0: Sampling
656,656,General Chemistry,ku003,151614,0.0,0,0,0,0.0,0,Long,0: Not Pass,0: Sampling
657,657,General Chemistry,ku003,151791,0.14,0,0,0,0.26,2,Long,0: Not Pass,2: Targeting
658,658,General Chemistry,ku003,151829,0.02,0,0,0,0.09,0,Long,0: Not Pass,0: Sampling
659,659,General Chemistry,ku003,151841,0.03,0,0,0,0.09,0,Long,0: Not Pass,0: Sampling
660,660,General Chemistry,ku003,151847,0.02,0,0,0,0.06,0,Long,0: Not Pass,0: Sampling
661,661,General Chemistry,ku003,151845,0.0,0,0,0,0.0,0,Long,0: Not Pass,0: Sampling
662,662,General Chemistry,ku003,133140,0.0,0,0,0,0.0,0,Long,0: Not Pass,0: Sampling
663,663,General Chemistry,ku003,151857,0.0,0,0,0,0.0,0,Long,0: Not Pass,0: Sampling
664,664,General Chemistry,ku003,151860,0.07,0,0,0,0.15,0,Long,0: Not Pass,0: Sampling
665,665,General Chemistry,ku003,151890,0.03,0,0,0,0.06,0,Long,0: Not Pass,0: Sampling
666,666,General Chemistry,ku003,151908,0.09,0,0,0,0.12,0,Long,0: Not Pass,0: Sampling
667,667,General Chemistry,ku003,151911,0.06,0,0,0,0.15,0,Long,0: Not Pass,0: Sampling
668,668,General Chemistry,ku003,151913,0.01,0,0,0,0.03,0,Long,0: Not Pass,0: Sampling
669,669,General Chemistry,ku003,84883,0.01,0,0,0,0.03,0,Long,0: Not Pass,0: Sampling
670,670,General Chemistry,ku003,151977,0.1,0,0,0,0.18,0,Long,0: Not Pass,0: Sampling
671,671,General Chemistry,ku003,151982,0.0,0,0,0,0.0,0,Long,0: Not Pass,0: Sampling
672,672,General Chemistry,ku003,151983,0.04,0,0,0,0.06,0,Long,0: Not Pass,0: Sampling
673,673,General Chemistry,ku003,151989,0.02,0,0,0,0.09,0,Long,0: Not Pass,0: Sampling
674,674,General Chemistry,ku003,151997,0.02,0,0,0,0.06,0,Long,0: Not Pass,0: Sampling
675,675,General Chemistry,ku003,152001,0.12,0,0,0,0.18,0,Long,0: Not Pass,0: Sampling
676,676,General Chemistry,ku003,152000,0.03,0,0,0,0.06,0,Long,0: Not Pass,0: Sampling
677,677,General Chemistry,ku003,152004,0.04,0,0,0,0.06,0,Long,0: Not Pass,0: Sampling
678,678,General Chemistry,ku003,152007,0.06,0,0,0,0.06,0,Long,0: Not Pass,0: Sampling
679,679,General Chemistry,ku003,152010,0.05,0,0,0,0.09,0,Long,0: Not Pass,0: Sampling
680,680,General Chemistry,ku003,152018,0.0,0,0,0,0.0,0,Long,0: Not Pass,0: Sampling
681,681,General Chemistry,ku003,152024,0.01,0,0,0,0.06,0,Long,0: Not Pass,0: Sampling
682,682,General Chemistry,ku003,152034,0.01,0,0,0,0.03,0,Long,0: Not Pass,0: Sampling
683,683,General Chemistry,ku003,152039,0.08,0,0,0,0.15,0,Long,0: Not Pass,0: Sampling
684,684,General Chemistry,ku003,152060,0.01,0,0,0,0.03,0,Long,0: Not Pass,0: Sampling
685,685,General Chemistry,ku003,152093,0.09,0,0,0,0.18,0,Long,0: Not Pass,0: Sampling
686,686,General Chemistry,ku003,152096,0.0,0,0,0,0.0,0,Long,0: Not Pass,0: Sampling
687,687,General Chemistry,ku003,152298,0.0,0,0,0,0.0,0,Long,0: Not Pass,0: Sampling
688,688,General Chemistry,ku003,152303,0.01,0,0,0,0.03,0,Long,0: Not Pass,0: Sampling
689,689,General Chemistry,ku003,152301,0.0,0,0,0,0.03,0,Long,0: Not Pass,0: Sampling
690,690,General Chemistry,ku003,152306,0.0,0,0,0,0.03,0,Long,0: Not Pass,0: Sampling
691,691,General Chemistry,ku003,152325,0.0,0,0,0,0.0,0,Long,0: Not Pass,0: Sampling
692,692,General Chemistry,ku003,152571,0.02,0,0,0,0.09,0,Long,0: Not Pass,0: Sampling
693,693,General Chemistry,ku003,152588,0.0,0,0,0,0.0,0,Long,0: Not Pass,0: Sampling
694,694,General Chemistry,ku003,152612,0.0,0,0,0,0.0,0,Long,0: Not Pass,0: Sampling
695,695,General Chemistry,ku003,152618,0.0,0,0,0,0.0,0,Long,0: Not Pass,0: Sampling
696,696,General Chemistry,ku003,152610,0.0,0,0,0,0.0,0,Long,0: Not Pass,0: Sampling
697,697,General Chemistry,ku003,152634,0.0,0,0,0,0.0,0,Long,0: Not Pass,0: Sampling
698,698,General Chemistry,ku003,152640,0.0,0,0,0,0.0,0,Long,0: Not Pass,0: Sampling
699,699,General Chemistry,ku003,152762,0.0,0,0,0,0.0,0,Long,0: Not Pass,0: Sampling
700,700,General Chemistry,ku003,152802,0.0,0,0,0,0.0,0,Long,0: Not Pass,0: Sampling
701,701,General Chemistry,ku003,152973,0.01,0,0,0,0.03,0,Long,0: Not Pass,0: Sampling
702,702,General Chemistry,ku003,153022,0.0,0,0,0,0.0,0,Long,0: Not Pass,0: Sampling
703,703,General Chemistry,ku003,153035,0.11,0,0,0,0.21,0,Long,0: Not Pass,0: Sampling
704,704,General Chemistry,ku003,153106,0.0,0,0,0,0.0,0,Long,0: Not Pass,0: Sampling
705,705,General Chemistry,ku003,45578,0.0,0,0,0,0.0,0,Long,0: Not Pass,0: Sampling
706,706,General Chemistry,ku003,151922,0.06,0,0,0,0.21,0,Long,0: Not Pass,0: Sampling
707,707,General Chemistry,ku003,153146,0.09,0,0,0,0.15,0,Long,0: Not Pass,0: Sampling
708,708,General Chemistry,ku003,153193,0.07,0,0,0,0.12,0,Long,0: Not Pass,0: Sampling
709,709,General Chemistry,ku003,153254,0.01,0,0,0,0.03,0,Long,0: Not Pass,0: Sampling
710,710,General Chemistry,ku003,153319,0.03,0,0,0,0.06,0,Long,0: Not Pass,0: Sampling
711,711,General Chemistry,ku003,153320,0.06,0,0,0,0.09,0,Long,0: Not Pass,0: Sampling
712,712,General Chemistry,ku003,153322,0.01,0,0,0,0.03,0,Long,0: Not Pass,0: Sampling
713,713,General Chemistry,ku003,153388,0.01,0,0,0,0.03,0,Long,0: Not Pass,0: Sampling
714,714,General Chemistry,ku003,153391,0.0,0,0,0,0.0,0,Long,0: Not Pass,0: Sampling
715,715,General Chemistry,ku003,131513,0.01,0,0,0,0.06,0,Long,0: Not Pass,0: Sampling
716,716,General Chemistry,ku003,153407,0.0,0,0,0,0.0,0,Long,0: Not Pass,0: Sampling
717,717,General Chemistry,ku003,153416,0.01,0,0,0,0.03,0,Long,0: Not Pass,0: Sampling
718,718,General Chemistry,ku003,153487,0.0,0,0,0,0.0,0,Long,0: Not Pass,0: Sampling
719,719,General Chemistry,ku003,153580,0.0,0,0,0,0.0,0,Long,0: Not Pass,0: Sampling
720,720,General Chemistry,ku003,153593,0.01,0,0,0,0.06,0,Long,0: Not Pass,0: Sampling
721,721,General Chemistry,ku003,153595,0.0,0,0,0,0.0,0,Long,0: Not Pass,0: Sampling
722,722,General Chemistry,ku003,153605,0.0,0,0,0,0.0,0,Long,0: Not Pass,0: Sampling
723,723,General Chemistry,ku003,153844,0.0,0,0,0,0.0,0,Long,0: Not Pass,0: Sampling
724,724,General Chemistry,ku003,153950,0.08,0,0,0,0.18,0,Long,0: Not Pass,0: Sampling
725,725,General Chemistry,ku003,153953,0.0,0,0,0,0.0,0,Long,0: Not Pass,0: Sampling
726,726,General Chemistry,ku003,153959,0.01,0,0,0,0.03,0,Long,0: Not Pass,0: Sampling
727,727,General Chemistry,ku003,153965,0.13,0,0,0,0.24,2,Long,0: Not Pass,2: Targeting
728,728,General Chemistry,ku003,153994,0.03,0,0,0,0.06,0,Long,0: Not Pass,0: Sampling
729,729,General Chemistry,ku003,153997,0.01,0,0,0,0.06,0,Long,0: Not Pass,0: Sampling
730,730,General Chemistry,ku003,152316,0.0,0,0,0,0.0,0,Long,0: Not Pass,0: Sampling
731,731,General Chemistry,ku003,154025,0.02,0,0,0,0.06,0,Long,0: Not Pass,0: Sampling
732,732,General Chemistry,ku003,154037,0.0,0,0,0,0.0,0,Long,0: Not Pass,0: Sampling
733,733,General Chemistry,ku003,154043,0.01,0,0,0,0.03,0,Long,0: Not Pass,0: Sampling
734,734,General Chemistry,ku003,133208,0.02,0,0,0,0.06,0,Long,0: Not Pass,0: Sampling
735,735,General Chemistry,ku003,154126,0.11,0,0,0,0.12,0,Long,0: Not Pass,0: Sampling
736,736,General Chemistry,ku003,154174,0.01,0,0,0,0.06,0,Long,0: Not Pass,0: Sampling
737,737,General Chemistry,ku003,154217,0.0,0,0,0,0.0,0,Long,0: Not Pass,0: Sampling
738,738,General Chemistry,ku003,154222,0.0,0,0,0,0.0,0,Long,0: Not Pass,0: Sampling
739,739,General Chemistry,ku003,154241,0.01,0,0,0,0.03,0,Long,0: Not Pass,0: Sampling
740,740,General Chemistry,ku003,154288,0.06,0,0,0,0.15,0,Long,0: Not Pass,0: Sampling
741,741,General Chemistry,ku003,132125,0.0,0,0,0,0.0,0,Long,0: Not Pass,0: Sampling
742,742,General Chemistry,ku003,154312,0.0,0,0,0,0.0,0,Long,0: Not Pass,0: Sampling
743,743,General Chemistry,ku003,154367,0.0,0,0,0,0.0,0,Long,0: Not Pass,0: Sampling
744,744,General Chemistry,ku003,154532,0.04,0,0,0,0.15,0,Long,0: Not Pass,0: Sampling
745,745,General Chemistry,ku003,151604,0.01,0,0,0,0.03,0,Long,0: Not Pass,0: Sampling
746,746,General Chemistry,ku003,154681,0.03,0,0,0,0.09,0,Long,0: Not Pass,0: Sampling
747,747,General Chemistry,ku003,154709,0.07,0,0,0,0.18,0,Long,0: Not Pass,0: Sampling
748,748,General Chemistry,ku003,154810,0.0,0,0,0,0.0,0,Long,0: Not Pass,0: Sampling
749,749,General Chemistry,ku003,155201,0.09,0,0,0,0.18,0,Long,0: Not Pass,0: Sampling
750,750,General Chemistry,ku003,155234,0.0,0,0,0,0.0,0,Long,0: Not Pass,0: Sampling
751,751,General Chemistry,ku003,155306,0.01,0,0,0,0.03,0,Long,0: Not Pass,0: Sampling
752,752,General Chemistry,ku003,155350,0.12,0,0,0,0.18,0,Long,0: Not Pass,0: Sampling
753,753,General Chemistry,ku003,152282,0.03,0,0,0,0.12,0,Long,0: Not Pass,0: Sampling
754,754,General Chemistry,ku003,131859,0.0,0,0,0,0.03,0,Long,0: Not Pass,0: Sampling
755,755,General Chemistry,ku003,152622,0.0,0,0,0,0.0,0,Long,0: Not Pass,0: Sampling
756,756,General Chemistry,ku003,155993,0.06,0,0,0,0.09,0,Long,0: Not Pass,0: Sampling
757,757,General Chemistry,ku003,133113,0.07,0,0,0,0.12,0,Long,0: Not Pass,0: Sampling
758,758,General Chemistry,ku003,152628,0.0,0,0,0,0.0,0,Long,0: Not Pass,0: Sampling
759,759,General Chemistry,ku003,156278,0.0,0,0,0,0.0,0,Long,0: Not Pass,0: Sampling
760,760,General Chemistry,ku003,156281,0.11,0,0,0,0.21,0,Long,0: Not Pass,0: Sampling
761,761,General Chemistry,ku003,156382,0.0,0,0,0,0.0,0,Long,0: Not Pass,0: Sampling
762,762,General Chemistry,ku003,156429,0.09,0,0,0,0.21,0,Long,0: Not Pass,0: Sampling
763,763,General Chemistry,ku003,156438,0.0,0,0,0,0.0,0,Long,0: Not Pass,0: Sampling
764,764,General Chemistry,ku003,156450,0.0,0,0,0,0.0,0,Long,0: Not Pass,0: Sampling
765,765,General Chemistry,ku003,156453,0.0,0,0,0,0.0,0,Long,0: Not Pass,0: Sampling
766,766,General Chemistry,ku003,156473,0.0,0,0,0,0.0,0,Long,0: Not Pass,0: Sampling
767,767,General Chemistry,ku003,156509,0.13,0,0,0,0.24,2,Long,0: Not Pass,2: Targeting
768,768,General Chemistry,ku003,156514,0.0,0,0,0,0.0,0,Long,0: Not Pass,0: Sampling
769,769,General Chemistry,ku003,156529,0.09,0,0,0,0.09,0,Long,0: Not Pass,0: Sampling
770,770,General Chemistry,ku003,156530,0.0,0,0,0,0.0,0,Long,0: Not Pass,0: Sampling
771,771,General Chemistry,ku003,156561,0.05,0,0,0,0.06,0,Long,0: Not Pass,0: Sampling
772,772,General Chemistry,ku003,155922,0.01,0,0,0,0.03,0,Long,0: Not Pass,0: Sampling
773,773,General Chemistry,ku003,156690,0.01,0,0,0,0.03,0,Long,0: Not Pass,0: Sampling
774,774,General Chemistry,ku003,142441,0.0,0,0,0,0.0,0,Long,0: Not Pass,0: Sampling
775,775,General Chemistry,ku003,156769,0.03,0,0,0,0.09,0,Long,0: Not Pass,0: Sampling
776,776,General Chemistry,ku003,133688,0.0,0,0,0,0.0,0,Long,0: Not Pass,0: Sampling
777,777,General Chemistry,ku003,108985,0.07,0,0,0,0.15,0,Long,0: Not Pass,0: Sampling
778,778,General Chemistry,ku003,157081,0.07,0,0,0,0.24,0,Long,0: Not Pass,0: Sampling
779,779,General Chemistry,ku003,157038,0.0,0,0,0,0.0,0,Long,0: Not Pass,0: Sampling
780,780,General Chemistry,ku003,157033,0.0,0,0,0,0.0,0,Long,0: Not Pass,0: Sampling
781,781,General Chemistry,ku003,157405,0.0,0,0,0,0.0,0,Long,0: Not Pass,0: Sampling
782,782,General Chemistry,ku003,157413,0.0,0,0,0,0.0,0,Long,0: Not Pass,0: Sampling
783,783,General Chemistry,ku003,157497,0.0,0,0,0,0.03,0,Long,0: Not Pass,0: Sampling
784,784,General Chemistry,ku003,17426,0.03,0,0,0,0.09,0,Long,0: Not Pass,0: Sampling
785,785,General Chemistry,ku003,157618,0.0,0,0,0,0.03,0,Long,0: Not Pass,0: Sampling
786,786,General Chemistry,ku003,157625,0.0,0,0,0,0.03,0,Long,0: Not Pass,0: Sampling
787,787,General Chemistry,ku003,157645,0.0,0,0,0,0.0,0,Long,0: Not Pass,0: Sampling
788,788,General Chemistry,ku003,156962,0.0,0,0,0,0.0,0,Long,0: Not Pass,0: Sampling
789,789,General Chemistry,ku003,158245,0.0,0,0,0,0.0,0,Long,0: Not Pass,0: Sampling
790,790,General Chemistry,ku003,158365,0.01,0,0,0,0.06,0,Long,0: Not Pass,0: Sampling
791,791,General Chemistry,ku003,158578,0.0,0,0,0,0.0,0,Long,0: Not Pass,0: Sampling
792,792,General Chemistry,ku003,158873,0.0,0,0,0,0.0,0,Long,0: Not Pass,0: Sampling
793,793,General Chemistry,ku003,158946,0.0,0,0,0,0.0,0,Long,0: Not Pass,0: Sampling
794,794,General Chemistry,ku003,159109,0.01,0,0,0,0.03,0,Long,0: Not Pass,0: Sampling
795,795,General Chemistry,ku003,150439,0.04,0,0,0,0.15,0,Long,0: Not Pass,0: Sampling
796,796,General Chemistry,ku003,159582,0.01,0,0,0,0.06,0,Long,0: Not Pass,0: Sampling
797,797,General Chemistry,ku003,159841,0.0,0,0,0,0.0,0,Long,0: Not Pass,0: Sampling
798,798,General Chemistry,ku003,159906,0.0,0,0,0,0.0,0,Long,0: Not Pass,0: Sampling
799,799,General Chemistry,ku003,119387,0.0,0,0,0,0.0,0,Long,0: Not Pass,0: Sampling
800,800,General Chemistry,ku003,160173,0.0,0,0,0,0.0,0,Long,0: Not Pass,0: Sampling
801,801,General Chemistry,ku003,160189,0.0,0,0,0,0.0,0,Long,0: Not Pass,0: Sampling
802,802,General Chemistry,ku003,160349,0.02,0,0,0,0.06,0,Long,0: Not Pass,0: Sampling
803,803,General Chemistry,ku003,49100,0.0,0,0,0,0.0,0,Long,0: Not Pass,0: Sampling
804,804,General Chemistry,ku003,160511,0.0,0,0,0,0.0,0,Long,0: Not Pass,0: Sampling
805,805,General Chemistry,ku003,136477,0.0,0,0,0,0.0,0,Long,0: Not Pass,0: Sampling
806,806,General Chemistry,ku003,160778,0.01,0,0,0,0.03,0,Long,0: Not Pass,0: Sampling
807,807,General Chemistry,ku003,161498,0.02,0,0,0,0.06,0,Long,0: Not Pass,0: Sampling
808,808,General Chemistry,ku003,161675,0.0,0,0,0,0.0,0,Long,0: Not Pass,0: Sampling
809,809,General Chemistry,ku003,50273,0.01,0,0,0,0.06,0,Long,0: Not Pass,0: Sampling
810,810,General Chemistry,ku003,161729,0.2,0,0,0,0.53,2,Long,0: Not Pass,2: Targeting
811,811,General Chemistry,ku003,161719,0.01,0,0,0,0.03,0,Long,0: Not Pass,0: Sampling
812,812,General Chemistry,ku003,161911,0.0,0,0,0,0.0,0,Long,0: Not Pass,0: Sampling
813,813,General Chemistry,ku003,161794,0.03,0,0,0,0.12,0,Long,0: Not Pass,0: Sampling
814,814,General Chemistry,ku003,161215,0.0,0,0,0,0.0,0,Long,0: Not Pass,0: Sampling
815,815,General Chemistry,ku003,162769,0.01,0,0,0,0.03,0,Long,0: Not Pass,0: Sampling
816,816,General Chemistry,ku003,162776,0.0,0,0,0,0.0,0,Long,0: Not Pass,0: Sampling
817,817,General Chemistry,ku003,162773,0.01,0,0,0,0.03,0,Long,0: Not Pass,0: Sampling
818,818,General Chemistry,ku003,151265,0.03,0,0,0,0.12,0,Long,0: Not Pass,0: Sampling
819,819,General Chemistry,ku003,162880,0.0,0,0,0,0.0,0,Long,0: Not Pass,0: Sampling
820,820,General Chemistry,ku003,91704,0.0,0,0,0,0.0,0,Long,0: Not Pass,0: Sampling
821,821,General Chemistry,ku003,162200,0.0,0,0,0,0.0,0,Long,0: Not Pass,0: Sampling
822,822,General Chemistry,ku003,163102,0.01,0,0,0,0.03,0,Long,0: Not Pass,0: Sampling
823,823,General Chemistry,ku003,163361,0.01,0,0,0,0.03,0,Long,0: Not Pass,0: Sampling
824,824,General Chemistry,ku003,161318,0.0,0,0,0,0.0,0,Long,0: Not Pass,0: Sampling
825,825,General Chemistry,ku003,163313,0.0,0,0,0,0.0,0,Long,0: Not Pass,0: Sampling
826,826,General Chemistry,ku003,163726,0.0,0,0,0,0.0,0,Long,0: Not Pass,0: Sampling
827,827,General Chemistry,ku003,147904,0.0,0,0,0,0.0,0,Long,0: Not Pass,0: Sampling
828,828,General Chemistry,ku003,164003,0.01,0,0,0,0.06,0,Long,0: Not Pass,0: Sampling
829,829,General Chemistry,ku003,164033,0.0,0,0,0,0.0,0,Long,0: Not Pass,0: Sampling
830,830,General Chemistry,ku003,164050,0.0,0,0,0,0.03,0,Long,0: Not Pass,0: Sampling
831,831,General Chemistry,ku003,164062,0.0,0,0,0,0.0,0,Long,0: Not Pass,0: Sampling
832,832,General Chemistry,ku003,164452,0.0,0,0,0,0.0,0,Long,0: Not Pass,0: Sampling
833,833,General Chemistry,ku003,164468,0.01,0,0,0,0.03,0,Long,0: Not Pass,0: Sampling
834,834,General Chemistry,ku003,164672,0.01,0,0,0,0.03,0,Long,0: Not Pass,0: Sampling
835,835,General Chemistry,ku003,75717,0.0,0,0,0,0.0,0,Long,0: Not Pass,0: Sampling
836,836,General Chemistry,ku003,161987,0.01,0,0,0,0.03,0,Long,0: Not Pass,0: Sampling
837,837,General Chemistry,ku003,165128,0.0,0,0,0,0.0,0,Long,0: Not Pass,0: Sampling
838,838,General Chemistry,ku003,165085,0.09,0,0,0,0.03,0,Long,0: Not Pass,0: Sampling
839,839,General Chemistry,ku003,161624,0.0,0,0,0,0.0,0,Long,0: Not Pass,0: Sampling
840,840,General Chemistry,ku003,165425,0.0,0,0,0,0.0,0,Long,0: Not Pass,0: Sampling
841,841,General Chemistry,ku003,165407,0.01,0,0,0,0.03,0,Long,0: Not Pass,0: Sampling
842,842,General Chemistry,ku003,165583,0.0,0,0,0,0.0,0,Long,0: Not Pass,0: Sampling
843,843,General Chemistry,ku003,164378,0.0,0,0,0,0.0,0,Long,0: Not Pass,0: Sampling
844,844,General Chemistry,ku003,165682,0.02,0,0,0,0.12,0,Long,0: Not Pass,0: Sampling
845,845,General Chemistry,ku003,106826,0.0,0,0,0,0.0,0,Long,0: Not Pass,0: Sampling
846,846,General Chemistry,ku003,162305,0.0,0,0,0,0.0,0,Long,0: Not Pass,0: Sampling
847,847,General Chemistry,ku003,46382,0.01,0,0,0,0.06,0,Long,0: Not Pass,0: Sampling
848,848,General Chemistry,ku003,166241,0.0,0,0,0,0.0,0,Long,0: Not Pass,0: Sampling
849,849,General Chemistry,ku003,166364,0.0,0,0,0,0.0,0,Long,0: Not Pass,0: Sampling
850,850,General Chemistry,ku003,166444,0.0,0,0,0,0.03,0,Long,0: Not Pass,0: Sampling
851,851,General Chemistry,ku003,166631,0.03,0,0,0,0.09,0,Long,0: Not Pass,0: Sampling
852,852,General Chemistry,ku003,122096,0.01,0,0,0,0.03,0,Long,0: Not Pass,0: Sampling
853,853,General Chemistry,ku003,166864,0.05,0,0,0,0.09,0,Long,0: Not Pass,0: Sampling
854,854,General Chemistry,ku003,166994,0.0,0,0,0,0.0,0,Long,0: Not Pass,0: Sampling
855,855,General Chemistry,ku003,167029,0.0,0,0,0,0.0,0,Long,0: Not Pass,0: Sampling
856,856,General Chemistry,ku003,167147,0.0,0,0,0,0.0,0,Long,0: Not Pass,0: Sampling
857,857,General Chemistry,ku003,167264,0.0,0,0,0,0.0,0,Long,0: Not Pass,0: Sampling
858,858,General Chemistry,ku003,167398,0.04,0,0,0,0.18,0,Long,0: Not Pass,0: Sampling
859,859,General Chemistry,ku003,167426,0.03,0,0,0,0.06,0,Long,0: Not Pass,0: Sampling
860,860,General Chemistry,ku003,167575,0.02,0,0,0,0.06,0,Long,0: Not Pass,0: Sampling
861,861,General Chemistry,ku003,167812,0.0,0,0,0,0.0,0,Long,0: Not Pass,0: Sampling
862,862,General Chemistry,ku003,167734,0.0,0,0,0,0.0,0,Long,0: Not Pass,0: Sampling
863,863,General Chemistry,ku003,167909,0.0,0,0,0,0.0,0,Long,0: Not Pass,0: Sampling
864,864,General Chemistry,ku003,162865,0.0,0,0,0,0.0,0,Long,0: Not Pass,0: Sampling
865,865,General Chemistry,ku003,168137,0.12,0,0,0,0.06,0,Long,0: Not Pass,0: Sampling
866,866,General Chemistry,ku003,162167,0.11,0,0,0,0.21,0,Long,0: Not Pass,0: Sampling
867,867,General Chemistry,ku003,168323,0.0,0,0,0,0.0,0,Long,0: Not Pass,0: Sampling
868,868,General Chemistry,ku003,66668,0.0,0,0,0,0.0,0,Long,0: Not Pass,0: Sampling
869,869,General Chemistry,ku003,10185,0.0,0,0,0,0.0,0,Long,0: Not Pass,0: Sampling
870,870,General Chemistry,ku003,168533,0.0,0,0,0,0.0,0,Long,0: Not Pass,0: Sampling
871,871,General Chemistry,ku003,68444,0.0,0,0,0,0.0,0,Long,0: Not Pass,0: Sampling
872,872,General Chemistry,ku003,2211,0.0,0,0,0,0.0,0,Long,0: Not Pass,0: Sampling
